Label,F1,F2,F3,F4,F5,F6,F7,F8,FZ,FY,FXL,NIR,Clear
LDPE,3,4,3,0,4,100,1,2,3,3,4,100,0
LDPE,3,4,3,0,4,100,1,2,3,3,4,100,0
LDPE,3,4,3,0,4,100,1,2,3,3,4,100,0
LDPE,3,4,3,0,4,100,1,2,3,3,4,100,0
LDPE,3,4,3,0,4,100,1,2,3,3,4,100,0
LDPE,3,4,3,0,4,100,1,2,3,3,4,100,0
LDPE,3,4,3,0,4,100,1,2,3,3,4,100,0
LDPE,3,4,3,0,4,100,1,2,3,3,4,100,0
LDPE,3,4,3,0,4,100,1,2,3,3,4,100,0
LDPE,3,4,3,0,4,100,1,2,3,3,4,100,0
LDPE,3,4,3,0,4,100,1,2,3,3,4,100,0
LDPE,3,4,3,0,4,100,1,2,3,3,4,100,0
LDPE,3,4,3,0,4,100,1,2,3,3,4,100,0
LDPE,3,4,3,0,4,100,1,2,3,3,4,100,0
LDPE,3,4,3,0,4,100,1,2,3,3,4,100,0
LDPE,2,4,3,0,4,99,1,2,3,3,4,100,0
LDPE,3,4,3,0,4,100,1,2,3,3,4,100,0
LDPE,3,4,3,0,4,100,1,2,3,3,4,100,0
LDPE,3,4,3,0,4,100,1,2,3,3,4,100,0
LDPE,3,4,3,0,4,100,1,2,3,3,4,100,0
LDPE,3,4,3,0,4,100,1,2,3,3,4,100,0
LDPE,3,4,3,0,4,100,1,2,3,3,4,100,0
LDPE,3,4,3,0,4,100,1,2,3,3,4,100,0
LDPE,3,4,3,0,4,100,1,2,3,3,4,100,0
LDPE,3,4,3,0,4,100,1,2,3,3,4,100,0
LDPE,3,4,3,0,4,100,1,2,3,3,4,100,0
LDPE,3,4,3,0,4,100,1,2,3,3,4,100,0
LDPE,3,4,3,0,4,100,1,2,3,3,4,100,0
LDPE,3,4,3,0,4,100,1,2,3,3,4,100,0
LDPE,3,4,3,0,4,100,1,2,3,3,4,100,0
LDPE,3,4,3,0,4,100,1,2,3,3,4,100,0
LDPE,3,4,3,0,4,100,1,2,3,3,4,100,0
LDPE,3,4,3,0,4,100,1,2,3,3,4,100,0
LDPE,3,4,3,0,4,100,1,2,3,3,4,100,0
LDPE,3,4,3,0,4,100,1,2,3,3,4,100,0
LDPE,3,4,3,0,4,100,1,2,3,3,4,100,0
LDPE,3,4,3,0,4,100,1,2,3,3,4,100,0
LDPE,3,4,3,0,4,100,1,2,3,3,4,100,0
LDPE,3,4,3,0,4,100,1,2,3,3,4,100,0
LDPE,3,4,3,0,4,100,1,2,3,3,4,100,0
LDPE,3,4,3,0,4,100,1,2,3,3,4,100,0
LDPE,3,4,3,0,4,100,1,2,3,3,4,100,0
LDPE,3,4,3,0,4,100,1,2,3,3,4,100,0
LDPE,3,4,3,0,4,100,1,2,3,3,4,100,0
LDPE,3,4,3,0,4,100,1,2,3,3,4,100,0
LDPE,3,4,3,0,4,100,1,2,3,3,4,100,0
LDPE,3,4,3,0,4,100,1,2,3,3,4,100,0
LDPE,3,4,3,0,4,100,1,2,3,3,4,100,0
LDPE,3,4,3,0,4,100,1,2,3,3,4,100,0
LDPE,3,4,3,0,4,100,1,2,3,3,4,100,0
LDPE,3,4,3,0,4,100,1,2,3,3,4,100,0
LDPE,3,4,3,0,4,100,1,2,3,3,4,100,0
LDPE,3,4,3,0,4,100,1,2,3,3,4,100,0
LDPE,3,4,3,0,4,100,1,2,3,3,4,100,0
LDPE,3,4,3,0,4,100,1,2,3,3,4,100,0
LDPE,3,4,3,0,4,100,1,2,3,3,4,100,0
LDPE,3,4,3,0,4,100,1,2,3,3,4,100,0
LDPE,3,4,3,0,4,100,1,2,3,3,4,100,0
LDPE,3,4,3,0,4,100,1,2,3,3,4,100,0
LDPE,3,4,3,0,4,100,1,2,3,3,4,100,0
LDPE,3,4,3,0,4,100,1,2,3,3,4,100,0
LDPE,3,4,3,0,4,100,1,2,3,3,4,100,0
LDPE,3,4,3,0,4,100,1,2,3,3,4,100,0
LDPE,3,4,3,0,4,100,1,2,3,3,4,100,0
LDPE,3,4,3,0,4,100,1,2,3,3,4,100,0
LDPE,3,4,3,0,4,100,1,2,3,3,4,100,0
LDPE,3,4,3,0,4,100,1,2,3,3,4,100,0
LDPE,3,4,3,0,4,100,1,2,3,3,4,100,0
LDPE,3,4,3,0,4,100,1,2,3,3,4,100,0
LDPE,3,4,3,0,4,100,1,2,3,3,4,100,0
LDPE,3,4,3,0,4,100,1,2,3,3,4,100,0
LDPE,3,4,3,0,4,100,1,2,3,3,4,100,0
LDPE,3,4,3,0,4,100,1,2,3,3,4,100,0
LDPE,3,4,3,0,4,100,1,2,3,3,4,100,0
LDPE,3,4,3,0,4,100,1,2,3,3,4,100,0
LDPE,3,4,3,0,4,100,1,2,3,3,4,100,0
LDPE,3,4,3,0,4,100,1,2,3,3,4,100,0
LDPE,3,4,3,0,4,100,1,2,3,3,4,100,0
LDPE,3,4,3,0,4,100,1,2,3,3,4,100,0
LDPE,3,4,3,0,4,100,1,2,3,3,4,100,0
LDPE,3,4,3,0,4,100,1,2,3,3,4,100,0
LDPE,3,4,3,0,4,100,1,2,3,3,4,100,0
LDPE,3,4,3,0,4,100,1,2,3,3,4,100,0
LDPE,3,4,3,0,4,100,1,2,3,3,4,100,0
LDPE,3,4,3,0,4,100,1,2,3,3,4,100,0
LDPE,3,4,3,0,4,100,1,2,3,3,4,100,0
LDPE,3,4,3,0,4,100,1,2,3,3,4,100,0
LDPE,3,4,3,0,4,100,1,2,3,3,4,100,0
LDPE,3,4,3,0,4,100,1,2,3,3,4,100,0
LDPE,3,4,3,0,4,100,1,2,3,3,4,100,0
LDPE,3,4,3,0,4,100,1,2,3,3,4,100,0
LDPE,3,4,3,0,4,100,1,2,3,3,4,100,0
LDPE,3,4,3,0,4,100,1,2,3,3,4,100,0
LDPE,3,4,4,0,5,100,1,2,3,3,5,100,0
LDPE,2,4,3,0,4,95,1,2,3,3,5,100,0
LDPE,3,5,4,0,5,100,1,2,3,3,5,97,0
LDPE,3,5,4,0,5,99,1,2,3,3,5,100,0
LDPE,2,4,4,0,5,100,1,2,3,3,5,99,0
LDPE,3,4,4,0,5,100,1,2,3,3,5,100,0
LDPE,3,4,4,0,5,100,1,2,3,3,5,100,0
LDPE,3,4,4,0,4,100,1,2,3,3,4,100,0
LDPE,2,4,4,0,4,100,1,2,3,3,4,100,0
LDPE,3,4,4,0,4,100,1,2,3,3,4,100,0
LDPE,3,4,4,0,5,100,1,2,3,3,5,100,0
LDPE,3,4,4,0,5,100,1,2,3,3,5,100,0
LDPE,3,4,4,0,5,100,1,2,3,3,5,100,0
LDPE,3,4,4,0,5,100,1,2,3,3,5,100,0
LDPE,3,4,4,0,5,100,1,2,3,3,5,100,0
LDPE,3,4,4,0,5,100,1,2,3,3,5,100,0
LDPE,3,4,4,0,5,100,1,2,3,3,5,100,0
LDPE,3,4,4,0,5,100,1,2,3,3,5,100,0
LDPE,3,4,4,0,5,100,1,2,3,3,5,100,0
LDPE,3,4,4,0,5,100,1,2,3,3,5,100,0
LDPE,3,4,4,0,5,100,1,2,3,3,5,100,0
LDPE,3,4,4,0,5,100,1,2,3,3,5,100,0
LDPE,3,4,4,0,5,100,1,2,3,3,5,100,0
LDPE,3,4,4,0,5,100,1,2,3,3,5,100,0
LDPE,3,4,4,0,5,100,1,2,3,3,5,100,0
LDPE,3,4,4,0,5,100,1,2,3,3,5,100,0
LDPE,3,4,4,0,5,100,1,2,3,3,5,100,0
LDPE,3,4,4,0,5,100,1,2,3,3,5,100,0
LDPE,3,4,4,0,5,100,1,2,3,3,5,100,0
LDPE,3,4,4,0,5,100,1,2,3,3,5,100,0
LDPE,3,4,4,0,5,100,1,2,3,3,5,100,0
LDPE,3,4,4,0,5,100,1,2,3,3,5,100,0
LDPE,3,4,4,0,5,100,1,2,3,3,5,100,0
LDPE,3,4,4,0,5,100,1,2,3,3,5,100,0
LDPE,3,4,4,0,5,100,1,2,3,3,5,100,0
LDPE,3,4,4,0,5,100,1,2,3,3,5,100,0
LDPE,3,4,4,0,5,100,1,2,3,3,5,100,0
LDPE,3,4,4,0,5,100,1,2,3,3,5,100,0
LDPE,3,4,4,0,5,100,1,2,3,3,5,100,0
LDPE,3,4,4,0,5,100,1,2,3,3,5,100,0
LDPE,3,4,4,0,5,100,1,2,3,3,5,100,0
LDPE,3,4,4,0,5,100,1,2,3,3,5,100,0
LDPE,3,4,4,0,5,100,1,2,3,3,5,100,0
LDPE,3,4,4,0,5,100,1,2,3,3,5,100,0
LDPE,3,4,4,0,5,100,1,2,3,3,5,100,0
LDPE,3,4,4,0,5,100,1,2,3,3,5,100,0
LDPE,3,4,4,0,5,100,1,2,3,3,5,100,0
LDPE,3,4,4,0,5,100,1,2,3,3,5,100,0
LDPE,3,4,4,0,5,100,1,2,3,3,5,100,0
LDPE,3,4,4,0,5,100,1,2,3,3,5,100,0
LDPE,3,4,4,0,5,100,1,2,3,3,5,100,0
LDPE,3,4,4,0,5,100,1,2,3,3,5,100,0
LDPE,3,4,4,0,5,100,1,2,3,3,5,100,0
LDPE,3,4,4,0,5,100,1,2,3,3,5,100,0
LDPE,3,4,4,0,5,100,1,2,3,3,5,100,0
LDPE,3,4,4,0,5,100,1,2,3,3,5,100,0
LDPE,3,4,4,0,5,100,1,2,3,3,5,100,0
LDPE,3,4,4,0,5,100,1,2,3,3,5,100,0
LDPE,3,4,4,0,5,100,1,2,3,3,5,100,0
LDPE,3,4,4,0,5,100,1,2,3,3,5,100,0
LDPE,3,4,4,0,5,100,1,2,3,3,5,100,0
LDPE,3,4,4,0,5,100,1,2,3,3,5,100,0
LDPE,3,4,4,0,5,100,1,2,3,3,5,100,0
LDPE,3,4,4,0,5,100,1,2,3,3,5,100,0
LDPE,3,4,4,0,5,100,1,2,3,3,5,100,0
LDPE,3,4,4,0,5,100,1,2,3,3,5,100,0
LDPE,3,4,4,0,5,100,1,2,3,3,5,100,0
LDPE,3,4,4,0,5,100,1,2,3,3,5,100,0
LDPE,3,4,4,0,5,100,1,2,3,3,4,100,0
LDPE,3,4,4,0,5,100,1,2,3,3,5,100,0
LDPE,3,4,4,0,5,100,1,2,3,3,5,100,0
LDPE,3,4,4,0,5,100,1,2,3,3,5,100,0
LDPE,3,4,4,0,5,100,1,2,3,3,5,100,0
LDPE,3,4,4,0,5,100,1,2,3,3,5,100,0
LDPE,3,4,4,0,5,100,1,2,3,3,5,100,0
LDPE,3,4,4,0,5,100,1,2,3,3,5,100,0
LDPE,3,4,4,0,5,100,1,2,3,3,5,100,0
LDPE,3,4,4,0,5,100,1,2,3,3,5,100,0
LDPE,3,4,4,0,5,100,1,2,3,3,5,100,0
LDPE,3,4,4,0,5,100,1,2,3,3,5,100,0
LDPE,3,4,4,0,5,100,1,2,3,3,5,100,0
LDPE,3,4,4,0,5,100,1,2,3,3,5,100,0
LDPE,3,4,4,0,5,100,1,2,3,3,5,100,0
LDPE,3,4,4,0,5,100,1,2,3,3,5,100,0
LDPE,3,4,4,0,5,100,1,2,3,3,5,100,0
LDPE,3,4,4,0,5,100,1,2,3,3,5,100,0
LDPE,3,4,4,0,5,100,1,2,3,3,5,100,0
LDPE,3,4,4,0,5,100,1,2,3,3,5,100,0
LDPE,3,4,4,0,5,100,1,2,3,3,5,100,0
LDPE,3,4,4,0,5,100,1,2,3,3,5,100,0
LDPE,3,4,4,0,5,100,1,2,3,3,5,100,0
LDPE,3,4,4,0,5,100,1,2,3,3,5,100,0
LDPE,3,4,4,0,5,100,1,2,3,3,5,100,0
LDPE,3,4,4,0,5,100,1,2,3,3,5,100,0
LDPE,3,4,4,0,5,100,1,2,3,3,5,100,0
LDPE,3,4,4,0,5,100,1,2,3,3,5,100,0
LDPE,3,4,4,0,5,100,1,2,3,3,5,100,0
LDPE,3,4,4,0,5,100,1,2,3,3,5,100,0
LDPE,3,4,4,0,5,100,1,2,3,3,5,100,0
LDPE,3,4,4,0,5,100,1,2,3,3,5,100,0
LDPE,3,4,4,0,5,100,1,2,3,3,5,100,0
LDPE,3,4,4,0,5,100,1,2,3,3,5,100,0
LDPE,3,4,4,0,5,100,1,2,3,3,5,100,0
LDPE,3,4,4,0,5,100,1,2,3,3,5,100,0
LDPE,3,4,4,0,5,100,1,2,3,3,5,100,0
LDPE,3,4,4,0,5,100,1,2,3,3,5,100,0
LDPE,3,4,4,0,5,100,1,2,3,3,5,100,0
LDPE,3,4,4,0,5,100,1,2,3,3,5,99,0
LDPE,3,4,4,0,5,100,1,2,3,3,5,100,0
LDPE,2,4,4,0,4,94,1,2,3,3,5,100,0
LDPE,2,4,4,0,5,100,1,2,3,3,5,98,0
LDPE,2,4,4,0,4,95,1,1,2,3,4,100,0
LDPE,3,4,3,0,5,99,1,2,3,3,5,100,0
LDPE,3,4,3,0,5,100,1,2,3,3,5,100,0
LDPE,3,4,3,0,5,100,1,2,3,3,5,100,0
LDPE,3,4,3,0,5,100,1,2,3,3,5,100,0
LDPE,3,4,3,0,5,100,1,2,3,3,5,100,0
LDPE,3,4,3,0,5,100,1,2,3,3,5,100,0
LDPE,3,4,3,0,5,100,1,2,3,3,5,100,0
LDPE,3,4,3,0,5,100,1,2,3,3,5,100,0
LDPE,3,4,3,0,5,100,1,2,3,3,5,100,0
LDPE,3,4,3,0,5,100,1,2,3,3,5,100,0
LDPE,3,4,3,0,5,100,1,2,3,3,5,100,0
LDPE,3,4,3,0,5,100,1,2,3,3,5,100,0
LDPE,3,4,3,0,5,100,1,2,3,3,5,100,0
LDPE,3,4,3,0,5,100,1,2,3,3,5,100,0
LDPE,3,4,3,0,5,100,1,2,3,3,5,100,0
LDPE,3,4,3,0,5,100,1,2,3,3,5,100,0
LDPE,3,4,3,0,5,100,1,2,3,3,5,100,0
LDPE,3,4,3,0,5,100,1,2,3,3,5,100,0
LDPE,3,4,3,0,5,100,1,2,3,3,5,100,0
LDPE,3,4,3,0,5,100,1,2,3,3,5,100,0
LDPE,3,4,3,0,5,100,1,2,3,3,5,100,0
LDPE,3,4,3,0,5,100,1,2,3,3,5,100,0
LDPE,3,4,3,0,5,100,1,2,3,3,5,100,0
LDPE,3,4,3,0,5,100,1,2,3,3,5,100,0
LDPE,3,4,3,0,5,100,1,2,3,3,5,100,0
LDPE,3,4,3,0,5,100,1,2,3,3,5,100,0
LDPE,3,4,3,0,5,100,1,2,3,3,5,100,0
LDPE,3,4,3,0,5,100,1,2,3,3,5,100,0
LDPE,3,4,3,0,5,100,1,2,3,3,5,100,0
LDPE,3,4,3,0,5,100,1,2,3,3,5,100,0
LDPE,3,4,3,0,5,100,1,2,3,3,5,100,0
LDPE,3,4,3,0,5,100,1,2,3,3,5,100,0
LDPE,3,4,3,0,5,100,1,2,3,3,5,100,0
LDPE,3,4,3,0,5,100,1,2,3,3,5,100,0
LDPE,3,4,3,0,5,100,1,2,3,3,5,100,0
LDPE,3,4,3,0,5,100,1,2,3,3,5,100,0
LDPE,3,4,3,0,5,100,1,2,3,3,5,100,0
LDPE,3,4,3,0,5,100,1,2,3,3,5,100,0
LDPE,3,4,3,0,5,100,1,2,3,3,5,100,0
LDPE,3,4,3,0,5,100,1,2,3,3,5,100,0
LDPE,3,4,3,0,5,100,1,2,3,3,5,100,0
LDPE,3,4,3,0,5,100,1,2,3,3,5,100,0
LDPE,3,4,3,0,5,100,1,2,3,3,5,100,0
LDPE,3,4,3,0,5,100,1,2,3,3,5,100,0
LDPE,3,4,3,0,5,100,1,2,3,3,5,100,0
LDPE,3,4,3,0,5,100,1,2,3,3,5,100,0
LDPE,3,4,3,0,5,100,1,2,3,3,5,100,0
LDPE,3,4,3,0,5,100,1,2,3,3,5,100,0
LDPE,3,4,3,0,5,100,1,2,3,3,5,100,0
LDPE,3,4,3,0,5,100,1,2,3,3,5,100,0
LDPE,3,4,3,0,5,100,1,2,3,3,5,100,0
LDPE,3,4,3,0,5,100,1,2,3,3,5,100,0
LDPE,3,4,3,0,5,100,1,2,3,3,5,100,0
LDPE,3,4,3,0,5,100,1,2,3,3,5,100,0
LDPE,3,4,3,0,5,100,1,2,3,3,5,100,0
LDPE,3,4,3,0,5,100,1,2,3,3,5,100,0
LDPE,3,4,3,0,5,100,1,2,3,3,5,100,0
LDPE,3,4,3,0,5,100,1,2,3,3,5,100,0
LDPE,3,4,3,0,5,100,1,2,3,3,5,100,0
LDPE,3,4,3,0,5,100,1,2,3,3,5,100,0
LDPE,3,4,3,0,5,100,1,2,3,3,5,100,0
LDPE,3,4,3,0,5,100,1,2,3,3,5,100,0
LDPE,3,4,3,0,5,100,1,2,3,3,5,100,0
LDPE,3,4,3,0,5,100,1,2,3,3,5,100,0
LDPE,3,4,3,0,5,100,1,2,3,3,5,100,0
LDPE,3,4,3,0,5,100,1,2,3,3,5,100,0
LDPE,3,4,3,0,5,100,1,2,3,3,5,100,0
LDPE,3,4,3,0,5,100,1,2,3,3,5,100,0
LDPE,3,4,3,0,5,100,1,2,3,3,5,100,0
LDPE,3,4,3,0,5,100,1,2,3,3,5,100,0
LDPE,3,4,3,0,5,100,1,2,3,3,5,100,0
LDPE,3,4,3,0,5,100,1,2,3,3,5,100,0
LDPE,3,4,3,0,5,100,1,2,3,3,5,100,0
LDPE,3,4,3,0,5,100,1,2,3,3,5,100,0
LDPE,3,4,3,0,5,100,1,2,3,3,5,100,0
LDPE,3,4,3,0,5,100,1,2,3,3,5,100,0
LDPE,3,4,3,0,5,100,1,2,3,3,5,100,0
LDPE,3,4,3,0,5,100,1,2,3,3,5,100,0
LDPE,3,4,4,0,5,100,1,2,3,3,5,100,0
LDPE,3,5,4,0,5,100,1,2,3,3,5,100,0
LDPE,2,4,4,0,5,99,1,2,3,3,5,100,0
LDPE,3,4,4,0,5,100,1,2,3,3,5,100,0
LDPE,3,4,4,0,5,100,1,2,3,3,5,100,0
LDPE,3,4,4,0,5,100,1,2,3,3,5,100,0
LDPE,3,4,4,0,5,100,1,2,3,3,5,100,0
LDPE,3,4,4,0,5,100,1,2,3,3,5,100,0
LDPE,3,4,4,0,5,100,1,2,3,3,5,100,0
LDPE,3,4,4,0,5,100,1,2,3,3,5,100,0
LDPE,3,4,4,0,5,100,1,2,3,3,5,100,0
LDPE,3,4,4,0,5,100,1,2,3,3,5,100,0
LDPE,3,4,4,0,5,100,1,2,3,3,5,100,0
LDPE,3,4,4,0,5,100,1,2,3,3,5,100,0
LDPE,3,4,4,0,5,100,1,2,3,3,5,100,0
LDPE,3,4,4,0,5,100,1,2,3,3,5,100,0
LDPE,3,4,4,0,5,100,1,2,3,3,5,100,0
LDPE,3,4,4,0,5,100,1,2,3,3,5,100,0
LDPE,3,4,4,0,5,100,1,2,3,3,5,100,0
LDPE,3,4,4,0,5,100,1,2,3,3,5,100,0
LDPE,3,4,4,0,5,100,1,2,3,3,5,100,0
LDPE,3,4,4,0,5,100,1,2,3,3,5,100,0
LDPE,3,4,4,0,5,100,1,2,3,3,5,100,0
LDPE,3,4,4,0,5,100,1,2,3,3,5,100,0
LDPE,3,4,4,0,5,100,1,2,3,3,5,100,0
LDPE,3,4,4,0,5,100,1,2,3,3,5,100,0
LDPE,3,4,4,0,5,100,1,2,3,3,5,100,0
LDPE,3,4,4,0,5,100,1,2,3,3,5,100,0
LDPE,3,4,4,0,5,100,1,2,3,3,5,100,0
LDPE,3,4,4,0,5,100,1,2,3,3,5,100,0
LDPE,3,4,4,0,5,100,1,2,3,3,5,100,0
LDPE,3,4,4,0,5,100,1,2,3,3,5,100,0
LDPE,3,4,4,0,5,100,1,2,3,3,5,100,0
LDPE,3,4,4,0,5,100,1,2,3,3,5,100,0
LDPE,3,4,4,0,5,100,1,2,3,3,5,100,0
LDPE,3,4,4,0,5,100,1,2,3,3,5,100,0
LDPE,3,4,4,0,5,100,1,2,3,3,5,100,0
LDPE,2,4,3,0,4,100,1,2,3,2,4,100,0
LDPE,2,4,3,0,4,100,1,2,3,2,4,100,0
LDPE,2,4,3,0,4,100,1,2,3,2,4,100,0
LDPE,2,4,3,0,4,100,1,2,3,2,4,100,0
LDPE,2,4,3,0,4,100,1,2,3,2,4,100,0
LDPE,2,4,3,0,4,100,1,2,3,2,4,100,0
LDPE,2,4,3,0,4,100,1,2,3,2,4,100,0
LDPE,2,4,3,0,4,100,1,2,3,2,4,100,0
LDPE,2,4,3,0,4,100,1,2,3,2,4,100,0
LDPE,2,4,3,0,4,100,1,2,3,2,4,100,0
LDPE,2,4,3,0,4,100,1,2,3,2,4,100,0
LDPE,2,4,3,0,4,100,1,2,3,2,4,100,0
LDPE,2,4,3,0,4,100,1,2,3,2,4,100,0
LDPE,2,4,3,0,4,100,1,2,3,2,4,100,0
LDPE,2,4,3,0,4,100,1,2,3,2,4,100,0
LDPE,2,4,3,0,4,100,1,2,3,2,4,100,0
LDPE,2,4,3,0,4,100,1,2,3,2,4,100,0
LDPE,2,4,3,0,4,100,1,2,3,2,4,100,0
LDPE,2,4,3,0,4,100,1,2,3,2,4,100,0
LDPE,2,4,3,0,4,100,1,2,3,2,4,100,0
LDPE,2,4,3,0,4,97,1,2,3,2,4,100,0
LDPE,3,4,3,0,5,100,1,2,3,2,5,99,0
LDPE,3,4,3,0,4,100,1,2,3,2,4,100,0
LDPE,2,4,3,0,4,100,1,2,3,2,4,100,0
LDPE,2,4,3,0,4,100,1,2,3,2,4,100,0
LDPE,2,4,3,0,4,100,1,2,3,2,4,100,0
LDPE,2,4,3,0,4,100,1,2,3,2,4,99,0
LDPE,2,4,3,0,4,100,1,2,3,2,4,100,0
LDPE,2,4,3,0,4,100,1,2,3,2,4,100,0
LDPE,2,4,3,0,4,99,1,2,3,2,4,100,0
LDPE,2,4,3,0,4,100,1,2,3,2,4,100,0
LDPE,2,4,3,0,4,100,1,2,3,2,4,100,0
LDPE,3,4,3,0,4,100,1,2,3,2,4,100,0
LDPE,3,4,3,0,4,100,1,2,3,2,4,100,0
LDPE,2,4,3,0,4,100,1,2,3,2,4,100,0
LDPE,3,4,3,0,4,100,1,2,3,2,4,100,0
LDPE,3,4,3,0,4,100,1,2,3,2,4,100,0
LDPE,2,4,3,0,4,100,1,2,3,2,4,100,0
LDPE,3,4,3,0,4,100,1,2,3,2,4,100,0
LDPE,3,4,3,0,4,100,1,2,3,2,4,100,0
LDPE,3,4,3,0,4,100,1,2,3,2,4,100,0
LDPE,2,4,3,0,4,100,1,2,3,2,4,100,0
LDPE,3,4,3,0,4,100,1,2,3,2,4,100,0
LDPE,2,4,3,0,4,100,1,2,3,2,4,100,0
LDPE,2,4,3,0,4,100,1,2,3,2,4,100,0
LDPE,3,4,3,0,4,100,1,2,3,2,4,100,0
LDPE,2,4,3,0,4,100,1,2,3,2,4,100,0
LDPE,2,4,3,0,4,100,1,2,3,2,4,100,0
LDPE,2,4,3,0,4,100,1,2,3,2,4,100,0
LDPE,2,4,3,0,4,100,1,2,3,2,4,100,0
LDPE,3,4,3,0,4,100,1,2,3,2,4,100,0
LDPE,3,4,3,0,4,100,1,2,3,2,4,100,0
LDPE,3,4,3,0,4,100,1,2,3,2,4,100,0
LDPE,3,4,3,0,4,100,1,2,3,2,4,100,0
LDPE,3,4,3,0,4,100,1,2,3,2,4,100,0
LDPE,3,4,3,0,4,100,1,2,3,2,4,100,0
LDPE,3,4,3,0,4,100,1,2,3,2,4,100,0
LDPE,3,4,3,0,4,100,1,2,3,2,4,100,0
LDPE,3,4,3,0,4,100,1,2,3,2,4,100,0
LDPE,3,4,3,0,4,100,1,2,3,2,4,100,0
LDPE,3,4,3,0,4,100,1,2,3,2,4,100,0
LDPE,3,4,3,0,4,100,1,2,3,2,4,100,0
LDPE,3,4,3,0,4,100,1,2,3,2,4,100,0
LDPE,3,4,3,0,4,100,1,2,3,2,4,100,0
LDPE,3,4,3,0,4,100,1,2,3,2,4,100,0
LDPE,3,4,3,0,4,100,1,2,3,2,4,100,0
LDPE,3,4,3,0,4,100,1,2,3,2,4,100,0
LDPE,3,4,3,0,4,100,1,2,3,2,4,100,0
LDPE,3,4,3,0,4,100,1,2,3,2,4,100,0
LDPE,3,4,3,0,4,100,1,2,3,2,4,100,0
LDPE,3,4,3,0,4,100,1,2,3,2,4,100,0
LDPE,3,4,3,0,4,100,1,2,3,2,4,100,0
LDPE,3,4,3,0,4,100,1,2,3,2,4,100,0
LDPE,3,4,3,0,4,100,1,2,3,2,4,100,0
LDPE,3,4,3,0,4,100,1,2,3,2,4,100,0
LDPE,3,4,3,0,4,100,1,2,3,2,4,100,0
LDPE,3,4,3,0,4,100,1,2,3,2,4,100,0
LDPE,3,4,3,0,4,100,1,2,3,2,4,100,0
LDPE,3,4,3,0,4,100,1,2,3,2,4,100,0
LDPE,3,4,3,0,4,100,1,2,3,2,4,100,0
LDPE,3,4,3,0,4,100,1,2,3,2,4,100,0
LDPE,3,4,3,0,4,100,1,2,3,2,4,100,0
LDPE,3,4,3,0,4,100,1,2,3,2,4,100,0
LDPE,3,4,3,0,4,100,1,2,3,2,4,100,0
LDPE,3,4,3,0,4,100,1,2,3,2,4,100,0
LDPE,3,4,3,0,4,100,1,2,3,2,4,100,0
LDPE,3,4,3,0,4,100,1,2,3,2,4,100,0
LDPE,3,4,3,0,4,100,1,2,3,2,4,100,0
LDPE,3,4,3,0,4,100,1,2,3,2,4,100,0
LDPE,3,4,3,0,4,100,1,2,3,2,4,100,0
LDPE,3,4,3,0,4,100,1,2,3,2,4,100,0
LDPE,3,4,3,0,4,100,1,2,3,2,4,100,0
LDPE,3,4,3,0,4,100,1,2,3,2,4,100,0
LDPE,3,4,3,0,4,100,1,2,3,2,4,100,0
LDPE,3,4,3,0,4,100,1,2,3,2,4,100,0
LDPE,3,4,3,0,4,100,1,2,3,2,4,100,0
LDPE,3,4,3,0,4,100,1,2,3,2,4,100,0
LDPE,3,4,3,0,4,100,1,2,3,2,4,100,0
LDPE,3,4,3,0,4,100,1,2,3,2,4,100,0
LDPE,3,4,3,0,4,100,1,2,3,2,4,100,0
LDPE,3,4,3,0,4,100,1,2,3,2,4,100,0
LDPE,3,4,3,0,4,100,1,2,3,2,4,100,0
LDPE,3,4,3,0,4,100,1,2,3,2,4,100,0
LDPE,3,4,3,0,4,100,1,2,3,2,4,100,0
LDPE,3,4,3,0,4,100,1,2,3,2,4,100,0
LDPE,3,4,3,0,4,100,1,2,3,2,4,100,0
LDPE,3,4,3,0,4,100,1,2,3,2,4,100,0
LDPE,3,4,3,0,4,100,1,2,3,2,4,100,0
LDPE,3,4,3,0,4,100,1,2,3,2,4,100,0
LDPE,3,4,3,0,4,100,1,2,3,2,4,100,0
LDPE,3,4,3,0,4,100,1,2,3,2,4,100,0
LDPE,3,4,3,0,4,100,1,2,3,2,4,100,0
LDPE,3,4,3,0,4,100,1,2,3,2,4,100,0
LDPE,3,4,3,0,4,100,1,2,3,2,4,100,0
LDPE,3,4,3,0,4,100,1,2,3,2,4,100,0
LDPE,3,4,3,0,4,100,1,2,3,2,4,100,0
LDPE,3,4,3,0,4,100,1,2,3,2,4,100,0
LDPE,3,4,3,0,4,100,1,2,3,2,4,100,0
LDPE,3,4,3,0,4,100,1,2,3,2,4,100,0
LDPE,3,4,3,0,4,100,1,2,3,2,4,100,0
LDPE,3,4,3,0,4,100,1,2,3,2,4,100,0
LDPE,3,4,3,0,4,100,1,2,3,2,4,100,0
LDPE,3,4,3,0,4,100,1,2,3,2,4,100,0
LDPE,3,4,3,0,4,100,1,2,3,2,4,100,0
LDPE,3,4,3,0,4,100,1,2,3,2,4,100,0
LDPE,3,4,3,0,4,100,1,2,3,2,4,100,0
LDPE,3,4,3,0,4,100,1,2,3,2,4,100,0
LDPE,3,4,3,0,4,100,1,2,3,2,4,100,0
LDPE,3,4,3,0,4,100,1,2,3,2,4,100,0
LDPE,3,4,3,0,4,100,1,2,3,2,4,100,0
LDPE,3,4,3,0,4,100,1,2,3,2,4,100,0
LDPE,3,4,3,0,4,100,1,2,3,2,4,100,0
LDPE,3,4,3,0,4,100,1,2,3,2,4,100,0
LDPE,3,4,3,0,4,100,1,2,3,2,4,100,0
LDPE,3,4,3,0,4,100,1,2,3,2,4,100,0
LDPE,3,4,3,0,4,100,1,2,3,2,4,100,0
LDPE,3,4,3,0,4,100,1,2,3,2,4,100,0
LDPE,3,4,3,0,4,100,1,2,3,2,4,100,0
LDPE,3,4,3,0,4,100,1,2,3,2,4,100,0
LDPE,3,4,3,0,4,100,1,2,3,2,4,100,0
LDPE,3,4,3,0,4,100,1,2,3,2,4,100,0
LDPE,3,4,3,0,4,100,1,2,3,2,4,100,0
LDPE,3,4,3,0,4,100,1,2,3,2,4,100,0
LDPE,3,4,3,0,4,100,1,2,3,2,4,100,0
LDPE,3,4,3,0,4,100,1,2,3,2,4,100,0
LDPE,3,4,3,0,4,100,1,2,3,2,4,100,0
LDPE,3,4,3,0,4,100,1,2,3,2,4,100,0
LDPE,3,4,3,0,4,100,1,2,3,2,4,100,0
LDPE,3,4,3,0,4,100,1,2,3,2,4,100,0
LDPE,3,4,3,0,4,100,1,2,3,2,4,100,0
LDPE,3,4,3,0,4,100,1,2,3,2,4,100,0
LDPE,3,4,3,0,4,100,1,2,3,2,4,100,0
LDPE,3,4,3,0,4,100,1,2,3,2,4,100,0
LDPE,3,4,3,0,4,100,1,2,3,2,4,100,0
LDPE,3,4,3,0,4,100,1,2,3,2,4,100,0
LDPE,3,4,3,0,4,100,1,2,3,2,4,100,0
LDPE,3,4,3,0,4,100,1,2,3,2,4,100,0
LDPE,3,4,3,0,4,100,1,2,3,2,4,100,0
LDPE,3,4,3,0,4,100,1,2,3,2,4,100,0
LDPE,3,4,3,0,4,100,1,2,3,2,4,100,0
LDPE,3,4,3,0,4,100,1,2,3,2,4,100,0
LDPE,3,4,3,0,4,100,1,2,3,2,4,100,0
LDPE,3,4,3,0,4,100,1,2,3,2,4,100,0
LDPE,3,4,3,0,4,100,1,2,3,2,4,100,0
LDPE,3,4,3,0,4,100,1,2,3,2,4,100,0
LDPE,3,4,3,0,4,100,1,2,3,2,4,100,0
LDPE,3,4,3,0,4,100,1,2,3,2,4,100,0
LDPE,3,4,3,0,4,100,1,2,3,2,4,100,0
LDPE,3,4,3,0,4,100,1,2,3,2,4,100,0
LDPE,3,4,3,0,4,100,1,2,3,2,4,100,0
LDPE,3,4,3,0,4,100,1,2,3,2,4,100,0
LDPE,3,4,3,0,4,100,1,2,3,2,4,100,0
LDPE,3,4,3,0,4,100,1,2,3,2,4,100,0
LDPE,3,4,3,0,4,100,1,2,3,2,4,100,0
LDPE,3,4,3,0,4,100,1,2,3,2,4,100,0
LDPE,3,4,3,0,4,100,1,2,3,2,4,100,0
LDPE,3,4,3,0,4,100,1,2,3,2,4,100,0
LDPE,3,4,3,0,4,100,1,2,3,2,4,100,0
LDPE,3,4,3,0,4,100,1,2,3,2,4,100,0
LDPE,3,4,3,0,4,100,1,2,3,2,4,100,0
LDPE,3,4,3,0,4,100,1,2,3,2,4,100,0
LDPE,3,4,3,0,4,100,1,2,3,2,4,100,0
LDPE,3,4,3,0,4,100,1,2,3,2,4,100,0
LDPE,3,4,3,0,4,100,1,2,3,2,4,100,0
LDPE,3,4,3,0,4,100,1,2,3,2,4,100,0
LDPE,3,4,3,0,4,100,1,2,3,2,4,100,0
LDPE,3,4,3,0,4,100,1,2,3,2,4,100,0
LDPE,3,4,3,0,4,100,1,2,3,2,4,100,0
LDPE,3,4,3,0,4,100,1,2,3,2,4,100,0
LDPE,3,4,3,0,4,100,1,2,3,2,4,100,0
LDPE,3,4,3,0,4,100,1,2,3,2,4,100,0
LDPE,3,4,3,0,4,100,1,2,3,2,4,100,0
LDPE,3,4,3,0,4,100,1,2,3,2,4,100,0
LDPE,3,4,3,0,4,100,1,2,3,2,4,100,0
LDPE,3,4,3,0,4,100,1,2,3,2,4,100,0
LDPE,3,4,3,0,4,100,1,2,3,2,4,100,0
LDPE,3,4,3,0,4,100,1,2,3,2,4,100,0
LDPE,2,4,3,0,4,100,1,2,3,2,4,100,0
LDPE,2,4,3,0,4,100,1,2,3,2,4,100,0
LDPE,2,4,3,0,4,100,1,2,3,2,4,100,0
LDPE,2,4,3,0,4,100,1,2,3,2,4,100,0
LDPE,2,4,3,0,4,100,1,2,3,2,4,100,0
LDPE,3,4,3,0,4,100,1,2,3,2,4,100,0
LDPE,3,4,3,0,4,100,1,2,3,2,4,100,0
LDPE,3,4,3,0,4,100,1,2,3,2,4,100,0
HDPE,1,4,4,0,4,100,1,1,2,3,4,100,0
HDPE,1,4,4,0,4,100,1,1,2,3,4,100,0
HDPE,1,4,4,0,4,100,1,1,2,3,4,100,0
HDPE,1,4,4,0,4,100,1,1,2,3,4,100,0
HDPE,1,4,4,0,4,100,1,1,2,3,4,100,0
HDPE,1,4,4,0,4,100,1,1,2,3,4,100,0
HDPE,1,4,4,0,4,100,1,1,2,3,4,100,0
HDPE,1,4,4,0,4,100,1,1,2,3,4,100,0
HDPE,1,4,4,0,4,100,1,1,2,3,4,100,0
HDPE,1,4,4,0,4,100,1,1,2,3,4,100,0
HDPE,1,4,4,0,4,100,1,1,2,3,4,100,0
HDPE,1,4,4,0,4,100,1,1,2,3,4,100,0
HDPE,1,4,4,0,4,100,1,1,2,3,4,100,0
HDPE,1,4,4,0,4,100,1,1,2,3,4,100,0
HDPE,1,4,4,0,4,100,1,1,2,3,4,100,0
HDPE,1,4,4,0,4,100,1,1,2,3,4,100,0
HDPE,1,4,4,0,4,100,1,1,2,3,4,100,0
HDPE,1,4,4,0,4,100,1,1,2,3,4,100,0
HDPE,1,4,4,0,4,100,1,1,2,3,4,100,0
HDPE,1,4,4,0,4,100,1,1,2,3,4,100,0
HDPE,1,4,4,0,4,100,1,1,2,3,4,100,0
HDPE,1,4,4,0,4,100,1,1,2,3,4,100,0
HDPE,1,4,4,0,4,100,1,1,2,3,4,100,0
HDPE,1,4,4,0,4,100,1,1,2,3,4,100,0
HDPE,1,4,4,0,4,100,1,1,2,3,4,100,0
HDPE,1,4,4,0,4,100,1,1,2,3,4,100,0
HDPE,1,4,4,0,4,100,1,1,2,3,4,100,0
HDPE,1,4,4,0,4,100,1,1,2,3,4,100,0
HDPE,1,4,4,0,4,100,1,1,2,3,4,100,0
HDPE,1,4,4,0,4,100,1,1,2,3,4,100,0
HDPE,1,4,4,0,4,100,1,1,2,3,4,100,0
HDPE,1,4,4,0,4,100,1,1,2,3,4,100,0
HDPE,1,4,4,0,4,100,1,1,2,3,4,100,0
HDPE,1,4,4,0,4,100,1,1,2,3,4,100,0
HDPE,1,4,4,0,4,100,1,1,2,3,4,100,0
HDPE,1,4,4,0,4,100,1,1,2,3,4,100,0
HDPE,1,4,4,0,4,100,1,1,2,3,4,100,0
HDPE,1,4,4,0,4,100,1,1,2,3,4,100,0
HDPE,1,4,4,0,4,100,1,1,2,3,4,100,0
HDPE,1,4,4,0,4,100,1,1,2,3,4,100,0
HDPE,1,4,4,0,4,100,1,1,2,3,4,100,0
HDPE,1,4,4,0,4,100,1,1,2,3,4,100,0
HDPE,1,4,4,0,4,100,1,1,2,3,4,100,0
HDPE,1,4,4,0,4,100,1,1,2,3,4,100,0
HDPE,1,4,4,0,4,100,1,1,2,3,4,100,0
HDPE,1,4,4,0,4,100,1,1,2,3,4,100,0
HDPE,1,4,4,0,4,100,1,1,2,3,4,100,0
HDPE,1,4,4,0,4,100,1,1,2,3,4,100,0
HDPE,1,4,4,0,4,100,1,1,2,3,4,100,0
HDPE,1,4,4,0,4,100,1,1,2,3,4,100,0
HDPE,1,4,4,0,4,100,1,1,2,3,4,100,0
HDPE,1,4,4,0,4,100,1,1,2,3,4,100,0
HDPE,1,4,4,0,4,100,1,1,2,3,4,100,0
HDPE,1,4,4,0,4,100,1,1,2,3,4,100,0
HDPE,1,4,4,0,4,100,1,1,2,3,4,100,0
HDPE,1,4,4,0,4,99,1,1,2,3,4,100,0
HDPE,1,4,4,0,4,100,0,1,2,4,4,99,0
HDPE,1,3,4,0,4,98,0,1,2,4,4,100,0
HDPE,1,3,4,0,4,100,0,1,2,3,3,93,0
HDPE,1,3,3,0,4,100,0,1,2,4,4,100,0
HDPE,1,3,3,0,4,100,0,1,2,4,4,100,0
HDPE,1,3,3,0,4,100,0,1,2,4,4,100,0
HDPE,1,3,3,0,4,100,0,1,2,4,4,100,0
HDPE,1,3,3,0,4,100,0,1,2,4,4,100,0
HDPE,1,3,3,0,4,100,0,1,2,4,4,100,0
HDPE,1,3,3,0,4,100,0,1,2,4,4,100,0
HDPE,1,3,3,0,4,100,0,1,2,4,4,100,0
HDPE,1,3,3,0,4,100,0,1,2,4,4,100,0
HDPE,1,3,3,0,4,100,0,1,2,4,4,100,0
HDPE,1,3,3,0,4,100,0,1,2,4,4,100,0
HDPE,1,3,3,0,4,100,0,1,2,4,4,100,0
HDPE,1,3,3,0,4,100,0,1,2,4,4,100,0
HDPE,1,3,3,0,4,100,0,1,2,4,4,100,0
HDPE,1,3,3,0,4,100,0,1,2,4,4,100,0
HDPE,1,3,3,0,4,100,0,1,2,4,4,100,0
HDPE,1,3,3,0,4,100,0,1,2,4,4,100,0
HDPE,1,3,3,0,4,100,0,1,2,4,4,100,0
HDPE,1,3,3,0,4,100,0,1,2,4,4,100,0
HDPE,1,3,3,0,4,100,0,1,2,4,4,100,0
HDPE,1,3,3,0,4,100,0,1,2,4,4,100,0
HDPE,1,3,3,0,4,100,0,1,2,4,4,100,0
HDPE,1,3,3,0,4,100,0,1,2,4,4,100,0
HDPE,1,3,3,0,4,100,0,1,2,4,4,100,0
HDPE,1,3,3,0,4,100,0,1,2,4,4,100,0
HDPE,1,3,3,0,4,100,0,1,2,4,4,100,0
HDPE,1,3,3,0,4,100,0,1,2,4,4,100,0
HDPE,1,3,3,0,4,100,0,1,2,4,4,100,0
HDPE,1,3,3,0,4,100,0,1,2,4,4,100,0
HDPE,1,3,3,0,4,100,0,1,2,4,4,100,0
HDPE,1,3,3,0,4,100,0,1,2,4,4,100,0
HDPE,1,3,3,0,4,100,0,1,2,4,4,100,0
HDPE,1,3,3,0,4,100,0,1,2,4,4,100,0
HDPE,1,3,3,0,4,100,0,1,2,4,4,100,0
HDPE,1,3,3,0,4,100,0,1,2,4,4,100,0
HDPE,1,3,3,0,4,100,0,1,2,4,4,100,0
HDPE,1,3,3,0,4,100,0,1,2,4,4,100,0
HDPE,1,3,3,0,4,100,0,1,2,4,4,100,0
HDPE,1,3,3,0,4,100,0,1,2,4,4,100,0
HDPE,1,3,3,0,4,100,0,1,2,4,4,100,0
HDPE,1,3,3,0,4,100,0,1,2,4,4,100,0
HDPE,1,3,3,0,4,100,0,1,2,4,4,100,0
HDPE,1,3,3,0,4,100,0,1,2,4,4,100,0
HDPE,1,3,3,0,4,100,0,1,2,4,4,100,0
HDPE,1,3,3,0,4,100,0,1,2,4,4,100,0
HDPE,1,3,3,0,4,100,0,1,2,4,4,100,0
HDPE,1,3,3,0,4,100,0,1,2,4,4,100,0
HDPE,1,3,3,0,4,100,0,1,2,4,4,100,0
HDPE,1,3,3,0,4,100,0,1,2,4,4,100,0
HDPE,1,3,3,0,4,100,0,1,2,4,4,100,0
HDPE,1,3,4,0,4,100,0,1,2,4,4,100,0
HDPE,1,3,4,0,4,98,0,1,2,4,4,100,0
HDPE,1,4,4,0,4,100,1,1,2,3,4,99,0
HDPE,1,4,4,0,4,100,1,1,2,3,4,96,0
HDPE,1,4,4,0,4,100,1,1,2,3,4,100,0
HDPE,1,4,4,0,4,100,1,1,2,3,4,100,0
HDPE,1,4,4,0,4,100,1,1,3,3,4,100,0
HDPE,1,4,4,0,4,100,1,1,3,3,4,100,0
HDPE,1,4,4,0,4,100,1,1,3,3,4,100,0
HDPE,1,4,4,0,4,100,1,1,3,3,4,100,0
HDPE,1,4,4,0,4,99,1,1,3,3,4,100,0
HDPE,1,4,4,0,4,100,1,1,3,3,4,100,0
HDPE,1,4,4,0,4,100,1,1,3,3,4,100,0
HDPE,1,4,4,0,4,100,1,1,3,3,4,100,0
HDPE,1,4,4,0,4,100,1,1,3,3,4,100,0
HDPE,1,4,4,0,4,100,1,1,3,3,4,100,0
HDPE,1,4,4,0,4,100,1,1,3,3,4,100,0
HDPE,1,4,4,0,4,100,1,1,3,3,4,100,0
HDPE,1,4,4,0,4,100,1,1,3,3,4,100,0
HDPE,1,4,4,0,4,100,1,1,3,3,4,100,0
HDPE,1,4,4,0,4,100,1,1,3,3,4,100,0
HDPE,1,4,4,0,4,100,1,1,3,3,4,100,0
HDPE,1,4,4,0,4,100,1,1,3,3,4,100,0
HDPE,1,4,4,0,4,100,1,1,3,3,4,100,0
HDPE,1,4,4,0,4,100,1,1,3,3,4,100,0
HDPE,1,4,4,0,4,100,1,1,3,3,4,100,0
HDPE,1,4,4,0,4,100,1,1,3,3,4,100,0
HDPE,1,4,4,0,4,100,1,1,3,3,4,100,0
HDPE,1,4,4,0,4,100,1,1,3,3,4,100,0
HDPE,1,4,4,0,4,100,1,1,3,3,4,100,0
HDPE,1,4,4,0,4,100,1,1,3,3,4,100,0
HDPE,1,4,4,0,4,100,1,1,3,3,4,100,0
HDPE,1,4,4,0,4,100,1,1,3,3,4,100,0
HDPE,1,4,4,0,4,100,1,1,3,3,4,100,0
HDPE,1,4,4,0,4,100,1,1,3,3,4,100,0
HDPE,1,4,4,0,4,100,1,1,3,3,4,100,0
HDPE,1,4,4,0,4,100,1,1,3,3,4,100,0
HDPE,1,4,4,0,4,100,1,1,3,3,4,100,0
HDPE,1,4,4,0,4,100,1,1,3,3,4,100,0
HDPE,1,4,4,0,4,100,1,1,3,3,4,100,0
HDPE,1,4,4,0,4,100,1,1,3,3,4,100,0
HDPE,1,4,4,0,4,100,1,1,3,3,4,100,0
HDPE,1,4,4,0,4,100,1,1,3,3,4,100,0
HDPE,1,4,4,0,4,100,1,1,3,3,4,100,0
HDPE,1,4,4,0,4,100,1,1,3,3,4,100,0
HDPE,1,4,4,0,4,100,1,1,3,3,4,100,0
HDPE,1,4,4,0,4,100,1,1,3,3,4,100,0
HDPE,1,4,4,0,4,100,1,1,3,3,4,100,0
HDPE,1,4,4,0,4,100,1,1,3,3,4,100,0
HDPE,1,4,4,0,4,98,1,1,3,3,4,100,0
HDPE,1,4,4,0,4,100,0,1,2,3,4,89,0
HDPE,1,4,4,0,4,99,0,1,2,4,4,100,0
HDPE,1,4,4,0,4,100,1,1,2,3,4,94,0
HDPE,1,3,4,0,4,99,1,1,2,4,4,100,0
HDPE,1,3,4,0,4,100,1,1,2,4,4,100,0
HDPE,1,3,4,0,4,100,1,1,2,4,4,100,0
HDPE,1,3,4,0,4,100,1,1,2,4,4,100,0
HDPE,1,3,4,0,4,100,1,1,2,4,4,100,0
HDPE,1,3,4,0,4,100,1,1,2,4,4,100,0
HDPE,1,3,4,0,4,100,1,1,2,4,4,100,0
HDPE,1,3,4,0,4,100,1,1,2,4,4,100,0
HDPE,1,3,4,0,4,100,1,1,2,4,4,100,0
HDPE,1,3,4,0,4,100,1,1,2,4,4,100,0
HDPE,1,3,4,0,4,100,1,1,2,4,4,100,0
HDPE,1,3,4,0,4,100,1,1,2,4,4,100,0
HDPE,1,3,4,0,4,100,1,1,2,4,4,100,0
HDPE,1,3,4,0,4,100,1,1,2,4,4,100,0
HDPE,1,3,4,0,4,100,1,1,2,4,4,100,0
HDPE,1,3,4,0,4,100,1,1,2,4,4,100,0
HDPE,1,3,4,0,4,100,1,1,2,4,4,100,0
HDPE,1,3,4,0,4,100,1,1,2,4,4,100,0
HDPE,1,3,4,0,4,100,1,1,2,4,4,100,0
HDPE,1,3,4,0,4,100,1,1,2,4,4,100,0
HDPE,1,3,4,0,4,100,1,1,2,4,4,100,0
HDPE,1,3,4,0,4,100,1,1,2,4,4,100,0
HDPE,1,3,4,0,4,100,1,1,2,4,4,100,0
HDPE,1,3,4,0,4,100,1,1,2,4,4,100,0
HDPE,1,3,4,0,4,100,1,1,2,4,4,100,0
HDPE,1,3,4,0,4,100,1,1,2,4,4,100,0
HDPE,1,3,4,0,4,100,1,1,2,4,4,100,0
HDPE,1,3,4,0,4,100,1,1,2,4,4,100,0
HDPE,1,3,4,0,4,100,1,1,2,4,4,100,0
HDPE,1,3,4,0,4,100,1,1,2,4,4,100,0
HDPE,1,3,4,0,4,100,1,1,2,4,4,100,0
HDPE,1,3,4,0,4,100,1,1,2,4,4,100,0
HDPE,1,3,4,0,4,100,1,1,2,4,4,100,0
HDPE,1,3,4,0,4,100,1,1,2,4,4,100,0
HDPE,1,3,4,0,4,100,1,1,2,4,4,100,0
HDPE,1,3,4,0,4,100,1,1,2,4,4,100,0
HDPE,1,3,4,0,4,100,1,1,2,4,4,100,0
HDPE,1,3,4,0,4,100,1,1,2,4,4,100,0
HDPE,1,3,4,0,4,100,1,1,2,4,4,100,0
HDPE,1,3,4,0,4,100,1,1,2,4,4,100,0
HDPE,1,3,4,0,4,100,1,1,2,4,4,100,0
HDPE,1,3,4,0,4,100,1,1,2,4,4,100,0
HDPE,1,3,4,0,4,100,1,1,2,4,4,100,0
HDPE,1,3,4,0,4,100,1,1,2,4,4,100,0
HDPE,1,3,4,0,4,99,1,1,2,4,4,100,0
HDPE,1,3,4,0,4,98,1,1,2,4,4,100,0
HDPE,1,4,4,0,4,99,1,1,2,4,4,100,0
HDPE,1,3,4,0,4,100,1,1,2,3,4,100,0
HDPE,1,3,4,0,4,100,1,1,2,3,4,100,0
HDPE,1,3,4,0,4,100,1,1,2,3,4,100,0
HDPE,1,3,4,0,4,100,1,1,2,3,4,100,0
HDPE,1,3,4,0,4,100,1,1,2,3,4,100,0
HDPE,1,3,4,0,4,100,1,1,2,3,4,100,0
HDPE,1,3,4,0,4,100,1,1,2,3,4,100,0
HDPE,1,3,4,0,4,100,1,1,2,3,4,100,0
HDPE,1,3,4,0,4,100,1,1,2,3,4,100,0
HDPE,1,3,4,0,4,100,1,1,2,3,4,100,0
HDPE,1,3,4,0,4,100,1,1,2,3,4,100,0
HDPE,1,3,4,0,4,100,1,1,2,3,4,100,0
HDPE,1,3,4,0,4,100,1,1,2,3,4,100,0
HDPE,1,3,4,0,4,100,1,1,2,3,4,100,0
HDPE,1,3,4,0,4,100,1,1,2,3,4,100,0
HDPE,1,3,4,0,4,100,1,1,2,3,4,100,0
HDPE,1,3,4,0,4,100,1,1,2,3,4,100,0
HDPE,1,3,4,0,4,100,1,1,2,3,4,100,0
HDPE,1,3,4,0,4,100,1,1,2,3,4,100,0
HDPE,1,3,4,0,4,100,1,1,2,3,4,100,0
HDPE,1,3,4,0,4,100,1,1,2,3,4,100,0
HDPE,1,3,4,0,4,100,1,1,2,3,4,100,0
HDPE,1,3,4,0,4,100,1,1,2,3,4,100,0
HDPE,1,3,4,0,4,100,1,1,2,3,4,100,0
HDPE,1,3,4,0,4,100,1,1,2,3,4,100,0
HDPE,1,3,4,0,4,100,1,1,2,3,4,100,0
HDPE,1,3,4,0,4,100,1,1,2,3,4,100,0
HDPE,1,3,4,0,4,100,1,1,2,3,4,100,0
HDPE,1,3,4,0,4,100,1,1,2,3,4,100,0
HDPE,1,3,4,0,4,100,1,1,2,3,4,100,0
HDPE,1,3,4,0,4,100,1,1,2,3,4,100,0
HDPE,1,3,4,0,4,100,1,1,2,3,4,100,0
HDPE,1,3,4,0,4,100,1,1,2,3,4,100,0
HDPE,1,3,4,0,4,100,1,1,2,3,4,100,0
HDPE,1,3,4,0,4,100,1,1,2,3,4,100,0
HDPE,1,3,4,0,4,100,1,1,2,3,4,100,0
HDPE,1,3,4,0,4,100,1,1,2,3,4,100,0
HDPE,1,3,4,0,4,100,1,1,2,3,4,100,0
HDPE,1,3,4,0,4,100,1,1,2,3,4,100,0
HDPE,1,3,4,0,4,100,1,1,2,3,4,100,0
HDPE,1,3,4,0,4,100,1,1,2,3,4,100,0
HDPE,1,3,4,0,4,100,1,1,2,3,4,100,0
HDPE,1,3,4,0,4,100,1,1,2,3,4,100,0
HDPE,1,3,4,0,4,100,1,1,2,3,4,100,0
HDPE,1,3,4,0,4,100,1,1,2,3,4,100,0
HDPE,1,3,4,0,4,100,1,1,2,3,4,100,0
HDPE,1,3,4,0,4,100,1,1,2,3,4,100,0
HDPE,1,3,4,0,4,100,1,1,2,3,4,100,0
HDPE,1,3,4,0,4,100,1,1,2,3,4,100,0
HDPE,1,3,4,0,4,100,1,1,2,3,4,100,0
HDPE,1,3,4,0,4,100,1,1,2,3,4,100,0
HDPE,1,3,4,0,4,100,1,1,2,3,4,100,0
HDPE,1,3,4,0,4,100,1,1,2,3,4,100,0
HDPE,1,3,4,0,4,100,1,1,2,3,4,100,0
HDPE,1,3,4,0,4,100,1,1,2,3,4,100,0
HDPE,1,4,4,0,4,100,1,1,2,3,4,100,0
HDPE,1,4,4,0,4,100,1,1,2,3,4,100,0
HDPE,1,4,4,0,4,100,1,1,2,3,4,100,0
HDPE,1,4,4,0,4,100,1,1,2,3,4,100,0
HDPE,1,4,4,0,4,100,1,1,2,3,4,100,0
HDPE,1,4,4,0,4,100,1,1,2,3,4,100,0
HDPE,1,4,4,0,4,100,1,1,2,3,4,100,0
HDPE,1,4,4,0,4,100,1,1,2,3,4,99,0
HDPE,1,3,4,0,4,99,1,1,2,3,4,100,0
HDPE,1,3,3,0,3,84,0,1,1,4,4,100,0
HDPE,1,3,4,0,4,100,0,1,1,4,4,94,0
HDPE,1,3,4,0,4,99,0,1,1,5,4,100,0
HDPE,1,3,4,0,4,100,0,1,1,4,4,97,0
HDPE,1,3,4,0,4,100,0,1,1,4,4,100,0
HDPE,1,3,4,0,4,100,0,1,1,4,4,100,0
HDPE,1,3,4,0,4,100,0,1,1,4,4,100,0
HDPE,1,3,4,0,4,100,0,1,1,4,4,100,0
HDPE,1,3,4,0,4,100,0,1,1,4,4,100,0
HDPE,1,3,4,0,4,100,0,1,1,4,4,100,0
HDPE,1,3,4,0,4,100,0,1,1,4,4,100,0
HDPE,1,3,4,0,4,100,0,1,1,4,4,100,0
HDPE,1,3,4,0,4,100,0,1,1,4,4,100,0
HDPE,1,3,4,0,4,100,0,1,1,4,4,100,0
HDPE,1,3,4,0,4,100,0,1,1,4,4,100,0
HDPE,1,3,4,0,4,100,0,1,1,4,4,100,0
HDPE,1,3,4,0,4,100,0,1,1,4,4,100,0
HDPE,1,3,4,0,4,100,0,1,1,4,4,100,0
HDPE,1,3,4,0,4,100,0,1,1,4,4,100,0
HDPE,1,3,4,0,4,100,0,1,1,4,4,100,0
HDPE,1,3,4,0,4,100,0,1,1,4,4,100,0
HDPE,1,3,4,0,4,100,0,1,1,4,4,100,0
HDPE,1,3,4,0,4,100,0,1,1,4,4,100,0
HDPE,1,3,4,0,4,100,0,1,1,4,4,100,0
HDPE,1,3,4,0,4,100,0,1,1,4,4,100,0
HDPE,1,3,4,0,4,100,0,1,1,4,4,100,0
HDPE,1,3,4,0,4,100,0,1,1,4,4,100,0
HDPE,1,3,4,0,4,100,0,1,1,4,4,100,0
HDPE,1,3,4,0,4,100,0,1,1,4,4,100,0
HDPE,1,3,4,0,4,100,0,1,1,4,4,100,0
HDPE,1,3,4,0,4,100,0,1,1,4,4,100,0
HDPE,1,3,4,0,4,100,0,1,1,4,4,100,0
HDPE,1,3,4,0,4,100,0,1,1,4,4,100,0
HDPE,1,3,4,0,4,100,0,1,1,4,4,100,0
HDPE,1,3,4,0,4,100,0,1,1,4,4,100,0
HDPE,1,3,4,0,4,100,0,1,1,4,4,100,0
HDPE,1,3,4,0,4,100,0,1,1,4,4,100,0
HDPE,1,3,4,0,4,100,0,1,1,4,4,100,0
HDPE,1,3,4,0,4,100,0,1,1,4,4,100,0
HDPE,1,3,4,0,4,100,0,1,1,4,4,100,0
HDPE,1,3,4,0,4,100,0,1,1,4,4,100,0
HDPE,1,3,4,0,4,100,0,1,1,4,4,100,0
HDPE,1,3,4,0,4,100,0,1,1,4,4,100,0
HDPE,1,3,4,0,4,100,0,1,1,4,4,100,0
HDPE,1,3,4,0,4,100,0,1,1,4,4,100,0
HDPE,1,3,4,0,4,100,0,1,1,4,4,100,0
HDPE,1,3,4,0,4,100,0,1,1,4,4,100,0
HDPE,1,3,4,0,4,100,0,1,1,4,4,100,0
HDPE,1,3,4,0,4,100,0,1,1,4,4,100,0
HDPE,1,3,4,0,4,100,0,1,1,4,4,100,0
HDPE,1,3,4,0,4,100,0,1,1,4,4,100,0
HDPE,1,3,4,0,4,100,0,1,1,4,4,100,0
HDPE,1,3,4,0,4,100,0,1,1,4,4,100,0
HDPE,1,3,4,0,4,100,0,1,1,4,4,100,0
HDPE,1,3,4,0,4,100,0,1,1,4,4,100,0
HDPE,1,3,4,0,4,100,0,1,1,4,4,100,0
HDPE,1,3,4,0,4,100,0,1,1,4,4,100,0
HDPE,1,3,4,0,3,91,0,1,1,4,4,100,0
HDPE,1,4,4,0,4,100,0,1,2,3,3,88,0
HDPE,1,2,4,0,4,100,0,0,1,4,3,82,0
HDPE,1,2,4,0,4,100,0,1,1,5,4,99,0
HDPE,1,2,4,0,3,99,0,0,1,5,3,100,0
HDPE,1,2,4,0,3,100,0,0,1,5,3,100,0
HDPE,1,2,4,0,3,100,0,0,1,5,3,100,0
HDPE,1,2,4,0,3,100,0,0,1,5,3,100,0
HDPE,1,2,4,0,3,100,0,0,1,5,3,100,0
HDPE,1,2,4,0,3,100,0,0,1,5,3,100,0
HDPE,1,2,4,0,3,100,0,0,1,5,3,100,0
HDPE,1,2,4,0,3,100,0,0,1,5,3,100,0
HDPE,1,2,4,0,3,100,0,0,1,5,3,100,0
HDPE,1,2,4,0,3,100,0,0,1,5,3,100,0
HDPE,1,2,4,0,3,100,0,0,1,5,3,100,0
HDPE,1,2,4,0,3,100,0,0,1,5,3,100,0
HDPE,1,2,4,0,3,100,0,0,1,5,3,100,0
HDPE,1,2,4,0,3,100,0,0,1,5,3,100,0
HDPE,1,2,4,0,3,100,0,0,1,5,3,100,0
HDPE,1,2,4,0,3,100,0,0,1,5,3,100,0
HDPE,1,2,4,0,3,100,0,0,1,5,3,100,0
HDPE,1,2,4,0,3,100,0,0,1,5,3,100,0
HDPE,1,2,4,0,3,100,0,0,1,5,3,100,0
HDPE,1,2,4,0,3,100,0,0,1,5,3,100,0
HDPE,1,2,4,0,3,100,0,0,1,5,3,100,0
HDPE,1,2,4,0,3,100,0,0,1,5,3,100,0
HDPE,1,2,4,0,3,100,0,0,1,5,3,100,0
HDPE,1,2,4,0,3,100,0,0,1,5,3,100,0
HDPE,1,2,4,0,3,100,0,0,1,5,3,100,0
HDPE,1,2,4,0,3,100,0,0,1,5,3,100,0
HDPE,1,2,4,0,3,100,0,0,1,5,3,100,0
HDPE,1,2,4,0,3,100,0,0,1,5,3,100,0
HDPE,1,2,4,0,3,100,0,0,1,5,3,100,0
HDPE,1,2,4,0,3,100,0,0,1,5,3,100,0
HDPE,1,2,4,0,3,100,0,0,1,5,3,100,0
HDPE,1,2,4,0,3,100,0,0,1,5,3,100,0
HDPE,1,2,4,0,3,100,0,0,1,5,3,100,0
HDPE,1,2,4,0,3,100,0,0,1,5,3,100,0
HDPE,1,2,4,0,3,100,0,0,1,5,3,100,0
HDPE,1,2,4,0,3,100,0,0,1,5,3,100,0
HDPE,1,2,4,0,3,100,0,0,1,5,3,100,0
HDPE,1,2,4,0,3,100,0,0,1,5,3,100,0
HDPE,1,2,4,0,3,100,0,0,1,5,3,100,0
HDPE,1,2,4,0,3,100,0,0,1,5,3,100,0
HDPE,1,2,4,0,3,100,0,0,1,5,3,100,0
HDPE,1,2,4,0,3,100,0,0,1,5,3,100,0
HDPE,1,2,4,0,3,100,0,0,1,5,3,100,0
HDPE,1,2,4,0,3,100,0,0,1,5,3,100,0
HDPE,1,2,4,0,3,100,0,0,1,5,3,100,0
HDPE,1,2,4,0,3,100,0,0,1,5,3,100,0
HDPE,1,2,4,0,3,100,0,0,1,5,3,100,0
HDPE,1,2,4,0,3,100,0,0,1,5,3,100,0
HDPE,1,2,4,0,3,100,0,0,1,5,3,100,0
HDPE,1,2,4,0,3,100,0,0,1,5,3,100,0
HDPE,2,4,3,0,4,100,1,2,3,2,4,100,0
HDPE,2,4,3,0,4,100,1,2,3,2,4,100,0
HDPE,2,4,3,0,4,100,1,2,3,2,4,100,0
HDPE,2,4,3,0,4,100,1,2,3,2,4,100,0
HDPE,2,4,3,0,4,100,1,2,3,2,4,100,0
HDPE,2,4,3,0,4,100,1,2,3,2,4,100,0
HDPE,2,4,3,0,4,100,1,2,3,2,4,100,0
HDPE,2,4,3,0,4,100,1,2,3,2,4,100,0
HDPE,2,4,3,0,4,100,1,2,3,2,4,100,0
HDPE,2,4,3,0,4,100,1,2,3,2,4,100,0
HDPE,2,4,3,0,4,100,1,2,3,2,4,100,0
HDPE,2,4,3,0,4,100,1,2,3,2,4,100,0
HDPE,2,4,3,0,4,100,1,2,3,2,4,100,0
HDPE,2,4,3,0,4,100,1,2,3,2,4,100,0
HDPE,2,4,3,0,4,100,1,2,3,2,4,100,0
HDPE,2,4,3,0,4,100,1,2,3,2,4,100,0
HDPE,2,4,3,0,4,100,1,2,3,2,4,100,0
HDPE,2,4,3,0,4,100,1,2,3,2,4,100,0
HDPE,2,4,3,0,4,100,1,2,3,2,4,100,0
HDPE,2,4,3,0,4,100,1,2,3,2,4,100,0
HDPE,2,4,3,0,4,100,1,2,3,2,4,100,0
HDPE,2,4,3,0,4,100,1,2,3,2,4,100,0
HDPE,2,4,3,0,4,100,1,2,3,2,4,100,0
HDPE,2,4,3,0,4,100,1,2,3,2,4,100,0
HDPE,2,4,3,0,4,100,1,2,3,2,4,100,0
HDPE,2,4,3,0,4,100,1,2,3,2,4,100,0
HDPE,2,4,3,0,4,100,1,2,3,2,4,100,0
HDPE,2,4,3,0,4,100,1,2,3,2,4,100,0
HDPE,2,4,3,0,4,100,1,2,3,2,4,100,0
HDPE,2,4,3,0,4,100,1,2,3,2,4,100,0
HDPE,2,4,3,0,4,100,1,2,3,2,4,100,0
HDPE,2,4,3,0,4,100,1,2,3,2,4,100,0
HDPE,2,4,3,0,4,100,1,2,3,2,4,100,0
HDPE,2,4,3,0,4,100,1,2,3,2,4,100,0
HDPE,2,4,3,0,4,100,1,2,3,2,4,100,0
HDPE,2,4,3,0,4,100,1,2,3,2,4,100,0
HDPE,2,4,3,0,4,100,1,2,3,2,4,100,0
HDPE,2,4,3,0,4,100,1,2,3,2,4,100,0
HDPE,2,4,3,0,4,100,1,2,3,2,4,100,0
HDPE,2,4,3,0,4,100,1,2,3,2,4,100,0
HDPE,2,4,3,0,4,100,1,2,3,2,4,100,0
HDPE,2,4,3,0,4,100,1,2,3,2,4,100,0
HDPE,2,4,3,0,4,100,1,2,3,2,4,100,0
HDPE,2,4,3,0,4,100,1,2,3,2,4,100,0
HDPE,2,4,3,0,4,100,1,2,3,2,4,100,0
HDPE,2,4,3,0,4,100,1,2,3,2,4,100,0
HDPE,2,4,3,0,4,100,1,2,3,2,4,100,0
HDPE,2,4,3,0,4,100,1,2,3,2,4,100,0
HDPE,2,4,3,0,4,100,1,2,3,2,4,100,0
HDPE,2,4,3,0,4,100,1,2,3,2,4,100,0
HDPE,2,4,3,0,4,100,1,2,3,2,4,100,0
HDPE,2,4,3,0,4,100,1,2,3,2,4,100,0
HDPE,2,4,3,0,4,100,1,2,3,2,4,100,0
HDPE,2,4,3,0,4,100,1,2,3,2,4,100,0
HDPE,2,4,3,0,4,100,1,2,3,2,4,100,0
HDPE,2,4,3,0,4,100,1,2,3,2,4,100,0
HDPE,2,4,3,0,4,100,1,2,3,2,4,100,0
HDPE,2,4,3,0,4,100,1,2,3,2,4,100,0
HDPE,2,4,3,0,4,100,1,2,3,2,4,100,0
HDPE,2,4,3,0,4,100,1,2,3,2,4,100,0
HDPE,2,4,3,0,4,100,1,2,3,2,4,100,0
HDPE,2,4,3,0,4,100,1,2,3,2,4,100,0
HDPE,2,4,3,0,4,100,1,2,3,2,4,100,0
HDPE,2,4,3,0,4,100,1,2,3,2,4,100,0
HDPE,2,4,3,0,4,100,1,2,3,2,4,100,0
HDPE,2,4,3,0,4,100,1,2,3,2,4,100,0
HDPE,2,4,3,0,4,100,1,2,3,2,4,100,0
HDPE,2,4,3,0,4,100,1,2,3,2,4,100,0
HDPE,2,4,3,0,4,100,1,2,3,2,4,100,0
HDPE,2,4,3,0,4,100,1,2,3,2,4,100,0
HDPE,2,4,3,0,4,100,1,2,3,2,4,100,0
HDPE,2,4,3,0,4,100,1,2,3,2,4,100,0
HDPE,2,4,3,0,4,100,1,2,3,2,4,100,0
HDPE,2,4,3,0,4,100,1,2,3,2,4,100,0
HDPE,2,4,3,0,4,100,1,2,3,2,4,100,0
HDPE,2,4,3,0,4,100,1,2,3,2,4,100,0
HDPE,2,4,3,0,4,100,1,2,3,2,4,100,0
HDPE,2,4,3,0,4,100,1,2,3,2,4,100,0
HDPE,2,4,3,0,4,100,1,2,3,2,4,100,0
HDPE,2,4,3,0,4,100,1,2,3,2,4,100,0
HDPE,2,4,3,0,4,100,1,2,3,2,4,100,0
HDPE,2,4,3,0,4,100,1,2,3,2,4,100,0
HDPE,2,4,3,0,4,100,1,2,3,2,4,100,0
HDPE,2,4,3,0,4,100,1,2,3,2,4,100,0
HDPE,2,4,3,0,4,100,1,2,3,2,4,100,0
HDPE,2,4,3,0,4,100,1,2,3,2,4,100,0
HDPE,2,4,3,0,4,100,1,2,3,2,4,100,0
HDPE,2,4,3,0,4,100,1,2,3,2,4,100,0
HDPE,2,4,3,0,4,100,1,2,3,2,4,100,0
HDPE,2,4,3,0,4,100,1,2,3,2,4,100,0
HDPE,2,4,3,0,4,100,1,2,3,2,4,100,0
HDPE,2,4,3,0,4,100,1,2,3,2,4,100,0
HDPE,2,4,3,0,4,100,1,2,3,2,4,100,0
HDPE,2,4,3,0,4,100,1,2,3,2,4,100,0
HDPE,2,4,3,0,4,100,1,2,3,2,4,100,0
HDPE,2,4,3,0,4,100,1,2,3,2,4,100,0
HDPE,2,4,3,0,4,100,1,2,3,2,4,100,0
HDPE,2,4,3,0,4,100,1,2,3,2,4,100,0
HDPE,2,4,3,0,4,100,1,2,3,2,4,100,0
HDPE,2,4,3,0,4,100,1,2,3,2,4,100,0
HDPE,2,4,3,0,4,100,1,2,3,2,4,100,0
HDPE,2,4,3,0,4,100,1,2,3,2,4,100,0
HDPE,2,4,3,0,4,100,1,2,3,2,4,100,0
HDPE,2,4,3,0,4,100,1,2,3,2,4,100,0
HDPE,2,4,3,0,4,100,1,2,3,2,4,100,0
HDPE,2,4,3,0,4,100,1,2,3,2,4,100,0
HDPE,2,4,3,0,4,100,1,2,3,2,4,100,0
HDPE,2,4,3,0,4,100,1,2,3,2,4,100,0
HDPE,2,4,3,0,4,100,1,2,3,2,4,100,0
HDPE,2,4,3,0,4,100,1,2,3,2,4,100,0
HDPE,2,4,3,0,4,100,1,2,3,2,4,100,0
HDPE,2,4,3,0,4,100,1,2,3,2,4,100,0
HDPE,2,4,3,0,4,100,1,2,3,2,4,100,0
HDPE,2,4,3,0,4,98,1,2,3,2,4,100,0
HDPE,2,4,3,0,4,100,1,1,3,2,4,92,0
HDPE,2,4,4,0,4,100,1,1,3,3,4,100,0
HDPE,2,4,3,0,4,99,1,2,3,3,4,100,0
HDPE,2,4,3,0,4,100,1,2,3,3,4,100,0
HDPE,2,4,3,0,4,100,1,2,3,3,4,100,0
HDPE,2,4,3,0,4,100,1,2,3,3,4,100,0
HDPE,2,4,3,0,4,100,1,2,3,3,4,100,0
HDPE,2,4,3,0,4,100,1,2,3,3,4,100,0
HDPE,2,4,3,0,4,100,1,2,3,3,4,100,0
HDPE,2,4,3,0,4,100,1,2,3,3,4,100,0
HDPE,2,4,3,0,4,100,1,2,3,3,4,100,0
HDPE,2,4,3,0,4,100,1,2,3,3,4,100,0
HDPE,2,4,3,0,4,100,1,2,3,3,4,100,0
HDPE,2,4,3,0,4,100,1,2,3,3,4,100,0
HDPE,2,4,3,0,4,100,1,2,3,3,4,100,0
HDPE,2,4,3,0,4,100,1,2,3,3,4,100,0
HDPE,2,4,3,0,4,100,1,2,3,3,4,100,0
HDPE,2,4,3,0,4,100,1,2,3,3,4,100,0
HDPE,2,4,3,0,4,100,1,2,3,3,4,100,0
HDPE,2,4,3,0,4,100,1,2,3,3,4,100,0
HDPE,2,4,3,0,4,100,1,2,3,3,4,100,0
HDPE,2,4,3,0,4,100,1,2,3,3,4,100,0
HDPE,2,4,3,0,4,100,1,2,3,3,4,100,0
HDPE,2,4,3,0,4,100,1,2,3,3,4,100,0
HDPE,2,4,3,0,4,100,1,2,3,3,4,100,0
HDPE,2,4,3,0,4,100,1,2,3,3,4,100,0
HDPE,2,4,3,0,4,100,1,2,3,3,4,100,0
HDPE,2,4,3,0,4,100,1,2,3,3,4,100,0
HDPE,2,4,3,0,4,100,1,2,3,3,4,100,0
HDPE,2,4,3,0,4,100,1,2,3,3,4,100,0
HDPE,2,4,3,0,4,100,1,2,3,3,4,100,0
HDPE,2,4,3,0,4,100,1,2,3,3,4,100,0
HDPE,2,4,3,0,4,100,1,2,3,3,4,100,0
HDPE,2,4,3,0,4,100,1,2,3,3,4,100,0
HDPE,2,4,3,0,4,100,1,2,3,3,4,100,0
HDPE,2,4,3,0,4,100,1,2,3,3,4,100,0
HDPE,2,4,3,0,4,100,1,2,3,3,4,100,0
HDPE,2,4,3,0,4,100,1,2,3,3,4,100,0
HDPE,2,4,4,0,4,100,1,2,3,3,4,100,0
HDPE,2,4,4,0,4,100,1,2,3,3,4,100,0
HDPE,2,4,4,0,4,100,1,2,3,3,4,100,0
HDPE,2,4,4,0,4,99,1,2,3,3,4,100,0
HDPE,2,4,3,0,4,96,1,2,3,3,4,100,0
HDPE,2,4,4,0,5,100,1,2,3,3,4,98,0
HDPE,3,4,4,0,5,99,1,2,3,3,5,100,0
HDPE,2,4,3,0,5,100,1,2,3,3,5,100,0
HDPE,2,4,4,0,5,100,1,2,3,3,5,100,0
HDPE,3,4,3,0,5,100,1,2,3,3,5,100,0
HDPE,3,4,3,0,5,100,1,2,3,3,5,100,0
HDPE,3,4,3,0,5,100,1,2,3,3,5,100,0
HDPE,3,4,3,0,5,100,1,2,3,3,5,100,0
HDPE,3,4,3,0,5,100,1,2,3,3,5,100,0
HDPE,3,4,3,0,5,100,1,2,3,3,5,100,0
HDPE,3,4,3,0,5,100,1,2,3,3,5,100,0
HDPE,3,4,3,0,5,100,1,2,3,3,5,100,0
HDPE,3,4,3,0,5,100,1,2,3,3,5,100,0
HDPE,3,4,3,0,5,100,1,2,3,3,5,100,0
HDPE,3,4,3,0,5,100,1,2,3,3,5,100,0
HDPE,3,4,3,0,5,100,1,2,3,3,5,100,0
HDPE,2,4,3,0,5,100,1,2,3,3,5,100,0
HDPE,2,4,3,0,5,100,1,2,3,3,5,100,0
HDPE,2,4,3,0,5,100,1,2,3,3,5,100,0
HDPE,3,4,3,0,5,100,1,2,3,3,5,100,0
HDPE,2,4,4,0,5,100,1,2,3,3,5,100,0
HDPE,2,4,3,0,5,100,1,2,3,3,5,100,0
HDPE,2,4,3,0,5,100,1,2,3,3,5,100,0
HDPE,3,4,3,0,5,100,1,2,3,3,5,100,0
HDPE,3,4,3,0,5,100,1,2,3,3,5,100,0
HDPE,3,4,4,0,5,100,1,2,3,3,5,100,0
HDPE,3,4,4,0,5,100,1,2,3,3,5,100,0
HDPE,3,4,4,0,5,100,1,2,3,3,5,100,0
HDPE,3,4,4,0,5,100,1,2,3,3,5,100,0
HDPE,3,4,4,0,5,100,1,2,3,3,5,100,0
HDPE,3,4,4,0,5,100,1,2,3,3,5,100,0
HDPE,3,4,4,0,5,100,1,2,3,3,5,100,0
HDPE,3,4,4,0,5,100,1,2,3,3,5,100,0
HDPE,3,4,4,0,5,100,1,2,3,3,5,100,0
HDPE,3,4,4,0,5,100,1,2,3,3,5,100,0
HDPE,3,4,4,0,5,100,1,2,3,3,5,100,0
HDPE,3,4,4,0,5,100,1,2,3,3,5,100,0
HDPE,3,4,4,0,5,100,1,2,3,3,5,100,0
HDPE,3,4,4,0,5,100,1,2,3,3,5,100,0
HDPE,3,4,4,0,5,100,1,2,3,3,5,100,0
HDPE,3,4,4,0,5,100,1,2,3,3,5,100,0
HDPE,3,4,4,0,5,100,1,2,3,3,5,100,0
HDPE,3,4,4,0,5,100,1,2,3,3,5,100,0
HDPE,3,4,4,0,5,100,1,2,3,3,5,100,0
HDPE,3,4,4,0,5,100,1,2,3,3,5,100,0
HDPE,3,4,4,0,5,100,1,2,3,3,5,100,0
HDPE,3,4,4,0,5,100,1,2,3,3,5,100,0
HDPE,3,4,4,0,5,100,1,2,3,3,5,100,0
HDPE,3,4,4,0,5,100,1,2,3,3,5,100,0
HDPE,3,4,4,0,5,100,1,2,3,3,5,100,0
HDPE,3,4,4,0,5,100,1,2,3,3,5,100,0
HDPE,3,4,4,0,5,100,1,2,3,3,5,100,0
HDPE,3,4,4,0,5,100,1,2,3,3,5,100,0
HDPE,3,4,4,0,5,100,1,2,3,3,5,100,0
HDPE,2,4,4,0,5,99,1,2,3,3,5,100,0
HDPE,2,4,4,0,4,99,1,2,3,3,4,100,0
HDPE,2,4,4,0,4,100,1,2,3,3,4,99,0
HDPE,3,4,3,0,4,99,1,2,3,3,4,100,0
HDPE,2,4,3,0,4,100,1,2,3,2,4,100,0
HDPE,2,4,3,0,4,100,1,2,3,2,4,100,0
HDPE,3,4,3,0,4,100,1,2,3,2,4,100,0
HDPE,3,4,3,0,5,100,1,2,3,2,5,100,0
HDPE,3,4,3,0,4,100,1,2,3,2,4,100,0
HDPE,3,4,3,0,4,100,1,2,3,2,4,100,0
HDPE,3,4,3,0,4,100,1,2,3,2,4,100,0
HDPE,3,4,3,0,4,100,1,2,3,2,4,100,0
HDPE,3,4,3,0,4,100,1,2,3,2,4,100,0
HDPE,3,4,3,0,5,100,1,2,3,2,5,100,0
HDPE,3,4,3,0,5,100,1,2,3,2,5,100,0
HDPE,3,4,3,0,5,100,1,2,3,2,5,100,0
HDPE,3,4,3,0,5,100,1,2,3,2,5,100,0
HDPE,3,4,3,0,4,100,1,2,3,2,4,100,0
HDPE,3,4,3,0,5,100,1,2,3,2,4,100,0
HDPE,3,4,3,0,4,100,1,2,3,2,5,100,0
HDPE,3,4,3,0,5,100,1,2,3,2,5,100,0
HDPE,3,4,3,0,5,100,1,2,3,2,5,100,0
HDPE,3,4,3,0,5,100,1,2,3,2,5,100,0
HDPE,3,4,3,0,5,100,1,2,3,2,5,100,0
HDPE,3,4,3,0,5,100,1,2,3,2,5,100,0
HDPE,3,4,3,0,5,100,1,2,3,2,5,100,0
HDPE,3,4,3,0,5,100,1,2,3,2,5,100,0
HDPE,3,4,3,0,5,100,1,2,3,2,5,100,0
HDPE,3,4,3,0,5,100,1,2,3,2,5,100,0
HDPE,3,4,3,0,5,100,1,2,3,2,5,100,0
HDPE,3,4,3,0,5,100,1,2,3,2,5,100,0
HDPE,3,4,3,0,5,100,1,2,3,2,5,100,0
HDPE,3,4,3,0,5,100,1,2,3,2,5,100,0
HDPE,3,4,3,0,5,100,1,2,3,2,5,100,0
HDPE,3,4,3,0,5,100,1,2,3,2,5,100,0
HDPE,3,4,3,0,5,100,1,2,3,2,5,100,0
HDPE,3,4,3,0,5,100,1,2,3,2,5,100,0
HDPE,3,4,3,0,4,100,1,2,3,2,5,100,0
HDPE,3,4,3,0,5,100,1,2,3,2,5,100,0
HDPE,3,4,3,0,5,100,1,2,3,2,5,100,0
HDPE,3,4,3,0,5,100,1,2,3,2,5,100,0
HDPE,3,4,3,0,5,100,1,2,3,2,5,100,0
HDPE,3,4,3,0,5,100,1,2,3,2,5,100,0
HDPE,3,4,3,0,5,100,1,2,3,2,5,100,0
HDPE,3,4,3,0,4,100,1,2,3,2,4,100,0
HDPE,3,4,3,0,5,100,1,2,3,2,5,100,0
HDPE,3,4,3,0,5,100,1,2,3,2,5,100,0
HDPE,3,4,3,0,5,100,1,2,3,2,5,100,0
HDPE,3,4,3,0,5,100,1,2,3,2,5,100,0
HDPE,3,4,3,0,4,100,1,2,3,2,4,100,0
HDPE,3,4,3,0,4,100,1,2,3,2,4,100,0
HDPE,3,4,3,0,5,100,1,2,3,2,5,100,0
HDPE,3,4,4,0,5,100,1,2,3,2,5,100,0
HDPE,3,4,4,0,5,100,1,2,3,2,5,100,0
HDPE,3,4,4,0,5,100,1,2,3,2,5,100,0
HDPE,3,4,4,0,5,100,1,2,3,2,5,100,0
HDPE,3,4,4,0,5,100,1,2,3,2,5,100,0
HDPE,2,4,3,0,4,98,1,2,3,3,5,100,0
HDPE,2,4,4,0,5,100,1,1,2,3,4,86,0
HDPE,2,4,4,0,5,100,1,2,3,3,4,91,0
HDPE,2,4,4,0,5,100,1,2,3,2,4,85,0
HDPE,3,4,4,0,5,100,1,2,3,3,5,100,0
HDPE,2,4,4,0,5,100,1,2,3,3,5,100,0
HDPE,2,4,4,0,5,100,1,2,3,3,5,100,0
HDPE,3,4,4,0,5,100,1,2,3,3,5,100,0
HDPE,3,4,4,0,5,100,1,2,3,3,5,100,0
HDPE,3,4,4,0,5,100,1,2,3,3,5,100,0
HDPE,3,4,4,0,5,100,1,2,3,3,5,100,0
HDPE,3,4,4,0,5,100,1,2,3,3,5,100,0
HDPE,3,4,4,0,5,100,1,2,3,3,5,100,0
HDPE,3,4,4,0,5,100,1,2,3,3,5,100,0
HDPE,3,4,4,0,5,100,1,2,3,3,5,100,0
HDPE,3,4,4,0,5,100,1,2,3,3,5,100,0
HDPE,3,4,4,0,5,100,1,2,3,3,5,100,0
HDPE,3,4,4,0,5,100,1,2,3,3,5,100,0
HDPE,3,4,4,0,5,100,1,2,3,3,5,100,0
HDPE,3,4,4,0,5,100,1,2,3,3,5,100,0
HDPE,3,4,4,0,5,100,1,2,3,3,5,100,0
HDPE,3,4,4,0,5,100,1,2,3,3,5,100,0
HDPE,3,4,4,0,5,100,1,2,3,3,5,100,0
HDPE,3,4,4,0,5,100,1,2,3,3,5,100,0
HDPE,3,4,4,0,5,100,1,2,3,3,5,100,0
HDPE,3,4,4,0,5,100,1,2,3,3,5,100,0
HDPE,3,4,4,0,5,100,1,2,3,3,5,100,0
HDPE,3,4,4,0,5,100,1,2,3,3,5,100,0
HDPE,3,4,4,0,5,100,1,2,3,3,5,100,0
HDPE,3,4,4,0,5,100,1,2,3,3,5,100,0
HDPE,3,4,4,0,5,100,1,2,3,3,5,100,0
HDPE,3,4,4,0,5,100,1,2,3,3,5,100,0
HDPE,3,4,4,0,5,100,1,2,3,3,5,100,0
HDPE,3,4,4,0,5,100,1,2,3,3,5,100,0
HDPE,3,4,4,0,5,100,1,2,3,3,5,100,0
HDPE,3,4,4,0,5,100,1,2,3,3,5,100,0
HDPE,3,4,4,0,5,100,1,2,3,3,5,100,0
PP,1,3,3,0,4,100,1,1,2,3,4,100,0
PP,1,3,3,0,4,100,1,1,2,3,4,100,0
PP,1,3,3,0,4,100,1,1,2,3,4,100,0
PP,1,3,3,0,4,100,1,1,2,3,4,100,0
PP,1,3,3,0,4,100,1,1,2,3,4,100,0
PP,1,3,3,0,4,100,1,1,2,3,4,100,0
PP,1,3,3,0,4,100,1,1,2,3,4,100,0
PP,1,3,3,0,4,100,1,1,2,3,4,100,0
PP,1,3,3,0,4,100,1,1,2,3,4,100,0
PP,1,3,3,0,4,100,1,1,2,3,4,100,0
PP,1,3,3,0,4,100,1,1,2,3,4,100,0
PP,1,3,3,0,4,100,1,1,2,3,4,100,0
PP,1,3,3,0,4,100,1,1,2,3,4,100,0
PP,1,3,3,0,4,100,1,1,2,3,4,100,0
PP,1,3,3,0,4,100,1,1,2,3,4,100,0
PP,1,3,3,0,4,100,1,1,2,3,4,100,0
PP,1,3,3,0,4,100,1,1,2,3,4,100,0
PP,1,3,3,0,4,100,1,1,2,3,4,100,0
PP,1,3,3,0,4,100,1,1,2,3,4,100,0
PP,1,3,3,0,4,100,1,1,2,3,4,100,0
PP,1,3,3,0,4,100,1,1,2,3,4,100,0
PP,1,3,3,0,4,100,1,1,2,3,4,100,0
PP,1,3,3,0,4,100,1,1,2,3,4,100,0
PP,1,3,3,0,4,100,1,1,2,3,4,100,0
PP,1,3,3,0,4,100,1,1,2,3,4,100,0
PP,1,3,3,0,4,100,1,1,2,3,4,100,0
PP,1,3,3,0,4,100,1,1,2,3,4,100,0
PP,1,3,3,0,4,100,1,1,2,3,4,100,0
PP,1,3,3,0,4,100,1,1,2,3,4,100,0
PP,1,3,3,0,4,100,1,1,2,3,4,100,0
PP,1,3,3,0,4,100,1,1,2,3,4,100,0
PP,1,3,3,0,4,100,1,1,2,3,4,100,0
PP,1,3,3,0,4,100,1,1,2,3,4,100,0
PP,1,3,3,0,4,100,1,1,2,3,4,100,0
PP,1,3,3,0,4,100,1,1,2,3,4,100,0
PP,1,3,3,0,4,100,1,1,2,3,4,100,0
PP,1,3,3,0,4,100,1,1,2,3,4,100,0
PP,1,3,3,0,4,100,1,1,2,3,4,100,0
PP,1,3,3,0,4,100,1,1,2,3,4,100,0
PP,1,3,3,0,4,100,1,1,2,3,4,100,0
PP,1,3,3,0,4,100,1,1,2,3,4,100,0
PP,1,3,3,0,4,100,1,1,2,3,4,100,0
PP,1,3,3,0,4,100,1,1,2,3,4,100,0
PP,1,3,3,0,4,100,1,1,2,3,4,100,0
PP,1,3,3,0,4,100,1,1,2,3,4,100,0
PP,1,3,3,0,4,100,1,1,2,3,4,100,0
PP,1,3,3,0,4,100,1,1,2,3,4,100,0
PP,1,3,3,0,4,100,1,1,2,3,4,100,0
PP,1,3,3,0,4,100,1,1,2,3,4,100,0
PP,1,3,3,0,4,100,1,1,2,3,4,100,0
PP,1,3,3,0,4,100,1,1,2,3,4,100,0
PP,1,3,3,0,4,100,1,1,2,3,4,100,0
PP,1,3,3,0,3,100,1,1,2,3,4,100,0
PP,1,3,3,0,4,100,1,1,2,3,4,100,0
PP,1,3,3,0,4,100,1,1,2,3,4,100,0
PP,1,3,3,0,4,100,1,1,2,3,4,100,0
PP,1,3,3,0,4,100,1,1,2,3,4,100,0
PP,1,3,3,0,4,100,1,1,2,3,4,100,0
PP,1,3,3,0,4,100,1,1,2,3,4,100,0
PP,1,3,3,0,4,100,1,1,2,3,4,100,0
PP,1,3,3,0,4,100,1,1,2,3,4,99,0
PP,1,3,3,0,4,100,1,1,2,3,4,100,0
PP,1,3,3,0,4,100,1,1,2,3,4,100,0
PP,1,3,3,0,4,100,1,1,2,3,4,99,0
PP,1,3,3,0,4,100,1,1,2,3,4,100,0
PP,1,3,3,0,4,100,1,1,2,3,4,100,0
PP,1,3,3,0,4,100,1,1,2,3,4,100,0
PP,1,3,3,0,4,100,1,1,2,3,4,99,0
PP,1,3,3,0,4,100,1,1,2,3,4,100,0
PP,1,3,3,0,4,100,1,1,2,3,4,100,0
PP,1,3,3,0,4,100,1,1,2,3,4,100,0
PP,1,3,3,0,4,100,1,1,2,3,4,100,0
PP,1,3,3,0,4,100,1,1,2,3,4,100,0
PP,1,3,3,0,4,100,1,1,2,3,4,100,0
PP,1,3,3,0,4,100,1,1,2,3,4,100,0
PP,1,3,3,0,4,100,1,1,2,3,4,100,0
PP,1,3,3,0,4,100,1,1,2,3,4,100,0
PP,1,3,3,0,4,100,1,1,2,3,4,100,0
PP,1,3,3,0,4,100,1,1,2,3,4,100,0
PP,1,3,3,0,4,100,1,1,2,3,4,100,0
PP,1,3,3,0,4,100,1,1,2,3,4,100,0
PP,1,3,3,0,4,100,1,1,2,3,4,100,0
PP,1,3,3,0,4,100,1,1,2,3,4,100,0
PP,2,3,3,0,4,96,1,1,2,3,4,100,0
PP,2,3,4,0,4,99,1,1,2,3,4,100,0
PP,2,3,4,0,4,100,1,1,2,3,4,100,0
PP,2,3,4,0,4,100,1,1,2,3,4,100,0
PP,2,3,4,0,4,100,1,1,2,3,4,100,0
PP,2,3,4,0,4,100,1,1,2,3,4,100,0
PP,2,3,4,0,4,100,1,1,2,3,4,100,0
PP,2,3,4,0,4,100,1,1,2,3,4,100,0
PP,2,3,4,0,4,100,1,1,2,3,4,100,0
PP,2,3,4,0,4,100,1,1,2,3,4,100,0
PP,2,3,4,0,4,100,1,1,2,3,4,100,0
PP,2,3,4,0,4,100,1,1,2,3,4,100,0
PP,2,3,4,0,4,100,1,1,2,3,4,100,0
PP,2,3,4,0,4,100,1,1,2,3,4,100,0
PP,2,3,4,0,4,100,1,1,2,3,4,100,0
PP,2,3,4,0,4,100,1,1,2,3,4,100,0
PP,2,3,4,0,4,100,1,1,2,3,4,100,0
PP,2,3,4,0,4,100,1,1,2,3,4,100,0
PP,2,3,4,0,4,100,1,1,2,3,4,100,0
PP,2,3,4,0,4,100,1,1,2,3,4,100,0
PP,2,3,4,0,4,100,1,1,2,3,4,100,0
PP,2,3,4,0,4,100,1,1,2,3,4,100,0
PP,2,3,4,0,4,100,1,1,2,3,4,100,0
PP,2,3,4,0,4,100,1,1,2,3,4,100,0
PP,2,3,4,0,4,100,1,1,2,3,4,100,0
PP,2,3,4,0,4,100,1,1,2,3,4,100,0
PP,2,3,4,0,4,100,1,1,2,3,4,100,0
PP,2,3,4,0,4,100,1,1,2,3,4,100,0
PP,2,3,4,0,4,100,1,1,2,3,4,100,0
PP,2,3,4,0,4,100,1,1,2,3,4,100,0
PP,2,3,4,0,4,100,1,1,2,3,4,100,0
PP,2,3,4,0,4,100,1,1,2,3,4,100,0
PP,2,3,4,0,4,100,1,1,2,3,4,100,0
PP,2,3,4,0,4,100,1,1,2,3,4,100,0
PP,2,3,4,0,4,100,1,1,2,3,4,100,0
PP,2,3,4,0,4,100,1,1,2,3,4,100,0
PP,2,3,4,0,4,100,1,1,2,3,4,100,0
PP,2,3,4,0,4,100,1,1,2,3,4,100,0
PP,2,3,4,0,4,100,1,1,2,3,4,100,0
PP,2,3,4,0,4,100,1,1,2,3,4,100,0
PP,2,3,4,0,4,100,1,1,2,3,4,99,0
PP,2,3,4,0,4,100,1,1,2,3,4,100,0
PP,2,3,3,0,4,92,1,1,2,3,4,100,0
PP,2,3,4,0,4,97,1,1,2,3,4,100,0
PP,2,3,4,0,4,100,1,1,2,3,4,100,0
PP,2,3,4,0,4,100,1,1,2,3,4,100,0
PP,2,3,4,0,4,100,1,1,2,3,4,100,0
PP,2,3,4,0,4,100,1,1,2,3,4,100,0
PP,2,3,4,0,4,100,1,1,2,3,4,100,0
PP,2,3,4,0,4,100,1,1,2,3,4,100,0
PP,2,3,4,0,4,100,1,1,2,3,4,100,0
PP,2,3,4,0,4,100,1,1,2,3,4,100,0
PP,2,3,4,0,4,100,1,1,2,3,4,100,0
PP,2,3,4,0,4,100,1,1,2,3,4,100,0
PP,2,3,4,0,4,100,1,1,2,3,4,100,0
PP,2,3,4,0,4,100,1,1,2,3,4,100,0
PP,2,3,4,0,4,100,1,1,2,3,4,100,0
PP,2,3,4,0,4,100,1,1,2,3,4,100,0
PP,2,3,4,0,4,100,1,1,2,3,4,100,0
PP,2,3,4,0,4,100,1,1,2,3,4,100,0
PP,2,3,4,0,4,100,1,1,2,3,4,100,0
PP,2,3,4,0,4,100,1,1,2,3,4,100,0
PP,2,3,4,0,4,100,1,1,2,3,4,100,0
PP,2,3,4,0,4,100,1,1,2,3,4,100,0
PP,2,3,4,0,4,100,1,1,2,3,4,100,0
PP,2,3,4,0,4,100,1,1,2,3,4,100,0
PP,2,3,4,0,4,100,1,1,2,3,4,100,0
PP,2,3,4,0,4,100,1,1,2,3,4,100,0
PP,2,3,4,0,4,100,1,1,2,3,4,100,0
PP,2,3,4,0,4,100,1,1,2,3,4,100,0
PP,2,3,4,0,4,100,1,1,2,3,4,100,0
PP,2,3,4,0,4,100,1,1,2,3,4,100,0
PP,2,3,4,0,4,100,1,1,2,3,4,100,0
PP,2,3,4,0,4,100,1,1,2,3,4,100,0
PP,2,3,4,0,4,100,1,1,2,3,4,100,0
PP,2,3,4,0,4,100,1,1,2,3,4,100,0
PP,2,3,4,0,4,100,1,1,2,3,4,100,0
PP,2,3,4,0,4,100,1,1,2,3,4,100,0
PP,2,3,4,0,4,100,1,1,2,3,4,100,0
PP,2,3,4,0,4,100,1,1,2,3,4,100,0
PP,2,3,4,0,4,100,1,1,2,3,4,100,0
PP,2,3,4,0,4,100,1,1,2,3,4,100,0
PP,2,3,4,0,4,100,1,1,2,3,4,100,0
PP,2,3,4,0,4,100,1,1,2,3,4,100,0
PP,2,3,4,0,4,100,1,1,2,3,4,100,0
PP,2,3,3,0,4,100,1,1,2,3,4,95,0
PP,1,3,3,0,4,99,1,1,2,3,4,100,0
PP,1,3,3,0,4,99,1,1,2,3,4,100,0
PP,1,3,3,0,4,100,1,1,2,3,4,100,0
PP,1,3,3,0,4,100,1,1,2,3,4,100,0
PP,1,3,3,0,4,100,1,1,2,3,4,100,0
PP,1,3,3,0,4,100,1,1,2,3,4,100,0
PP,1,3,3,0,4,100,1,1,2,3,4,100,0
PP,1,3,3,0,4,100,1,1,2,3,4,100,0
PP,1,3,3,0,4,100,1,1,2,3,4,100,0
PP,1,3,3,0,4,100,1,1,2,3,4,100,0
PP,1,3,3,0,4,100,1,1,2,3,4,100,0
PP,1,3,3,0,4,100,1,1,2,3,4,100,0
PP,1,3,3,0,4,100,1,1,2,3,4,100,0
PP,1,3,3,0,4,100,1,1,2,3,4,100,0
PP,1,3,3,0,4,91,1,1,2,3,4,100,0
PP,2,3,4,0,4,99,1,1,2,3,4,100,0
PP,2,4,4,0,4,98,1,1,2,4,4,100,0
PP,2,4,4,0,4,100,1,1,2,4,4,100,0
PP,2,4,4,0,4,100,1,1,2,4,4,100,0
PP,2,4,4,0,4,100,1,1,2,4,4,100,0
PP,2,4,4,0,4,100,1,1,2,4,4,100,0
PP,2,4,4,0,4,100,1,1,2,4,4,100,0
PP,2,4,4,0,4,100,1,1,2,4,4,100,0
PP,2,4,4,0,4,100,1,1,2,4,4,100,0
PP,2,4,4,0,4,100,1,1,2,4,4,100,0
PP,2,4,4,0,4,100,1,1,2,4,4,100,0
PP,2,4,4,0,4,100,1,1,2,4,4,100,0
PP,2,4,4,0,4,100,1,1,2,4,4,100,0
PP,2,4,4,0,4,100,1,1,2,4,4,100,0
PP,2,4,4,0,4,100,1,1,2,4,4,100,0
PP,2,4,4,0,4,100,1,1,2,4,4,100,0
PP,2,4,4,0,4,100,1,1,2,4,4,100,0
PP,2,4,4,0,4,100,1,1,2,4,4,100,0
PP,2,4,4,0,4,100,1,1,2,4,4,100,0
PP,2,4,4,0,4,100,1,1,2,4,4,100,0
PP,2,4,4,0,4,100,1,1,2,4,4,100,0
PP,2,4,4,0,4,100,1,1,2,4,4,100,0
PP,2,4,4,0,4,100,1,1,2,4,4,100,0
PVC,2,4,4,0,4,100,1,2,3,3,4,100,0
PVC,2,4,4,0,4,100,1,2,3,3,4,100,0
PVC,2,4,4,0,4,100,1,2,3,3,4,100,0
PVC,2,4,4,0,4,100,1,2,3,3,4,100,0
PVC,2,4,4,0,4,100,1,2,3,3,4,100,0
PVC,2,4,4,0,4,100,1,2,3,3,4,100,0
PVC,2,4,4,0,4,100,1,2,3,3,4,100,0
PVC,2,4,4,0,4,100,1,2,3,3,4,100,0
PVC,2,4,4,0,4,100,1,2,3,3,4,100,0
PVC,2,4,4,0,4,100,1,2,3,3,4,100,0
PVC,2,4,4,0,4,100,1,2,3,3,4,100,0
PVC,2,4,4,0,4,100,1,2,3,3,4,100,0
PVC,2,4,4,0,4,100,1,2,3,3,4,100,0
PVC,2,4,4,0,4,100,1,2,3,3,4,100,0
PVC,2,4,4,0,4,100,1,2,3,3,4,100,0
PVC,2,4,4,0,4,100,1,2,3,3,4,100,0
PVC,2,4,4,0,4,100,1,2,3,3,4,100,0
PVC,2,4,4,0,4,100,1,2,3,3,4,100,0
PVC,2,4,4,0,4,100,1,2,3,3,4,100,0
PVC,2,4,4,0,4,100,1,2,3,3,4,100,0
PVC,2,4,4,0,4,100,1,2,3,3,4,100,0
PVC,2,4,4,0,4,100,1,2,3,3,4,100,0
PVC,2,4,4,0,4,100,1,2,3,3,4,100,0
PVC,2,4,4,0,4,100,1,2,3,3,4,100,0
PVC,2,4,4,0,4,100,1,2,3,3,4,100,0
PVC,2,4,4,0,4,100,1,2,3,3,4,100,0
PVC,2,4,4,0,4,100,1,2,3,3,4,100,0
PVC,2,4,4,0,4,100,1,2,3,3,4,100,0
PVC,2,4,4,0,4,100,1,2,3,3,4,100,0
PVC,2,4,4,0,4,100,1,2,3,3,4,100,0
PVC,2,4,4,0,4,100,1,2,3,3,4,100,0
PVC,2,4,4,0,4,100,1,2,3,3,4,100,0
PVC,2,4,4,0,4,100,1,2,3,3,4,100,0
PVC,2,4,4,0,4,100,1,2,3,3,4,100,0
PVC,2,4,4,0,4,100,1,2,3,3,4,100,0
PVC,2,4,4,0,4,100,1,2,3,3,4,100,0
PVC,2,4,4,0,4,100,1,2,3,3,4,100,0
PVC,2,4,4,0,4,100,1,2,3,3,4,100,0
PVC,2,4,4,0,4,100,1,2,3,3,4,100,0
PVC,2,4,4,0,4,100,1,2,3,3,4,100,0
PVC,2,4,4,0,4,100,1,2,3,3,4,100,0
PVC,2,4,4,0,4,100,1,2,3,3,4,100,0
PVC,2,4,4,0,4,100,1,2,3,3,4,100,0
PVC,2,4,4,0,4,100,1,2,3,3,4,100,0
PVC,2,4,4,0,4,100,1,2,3,3,4,100,0
PVC,2,4,4,0,4,100,1,2,3,3,4,100,0
PVC,2,4,4,0,4,100,1,2,3,3,4,100,0
PVC,2,4,4,0,4,100,1,2,3,3,4,100,0
PVC,2,4,4,0,4,100,1,2,3,3,4,100,0
PVC,2,4,4,0,4,100,1,2,3,3,4,100,0
PVC,2,4,4,0,4,100,1,2,3,3,4,100,0
PVC,2,4,4,0,4,100,1,2,3,3,4,100,0
PVC,2,4,4,0,4,100,1,2,3,3,4,100,0
PVC,2,4,4,0,4,100,1,2,3,3,4,100,0
PVC,2,4,4,0,4,100,1,2,3,3,4,100,0
PVC,2,4,4,0,4,100,1,2,3,3,4,100,0
PVC,2,4,4,0,5,100,1,2,3,3,5,99,0
PVC,2,4,4,0,5,100,1,2,3,3,5,100,0
PVC,2,4,4,0,5,97,1,2,3,3,5,100,0
PVC,2,4,4,0,4,100,1,2,3,3,4,99,0
PVC,0,0,0,0,0,0,0,0,0,0,0,0,0
PVC,2,4,3,0,4,100,1,2,2,3,4,100,0
PVC,0,0,0,0,0,0,0,0,0,0,0,0,0
PVC,2,4,3,0,4,100,1,2,2,3,4,100,0
PVC,2,4,3,0,4,100,1,2,2,3,4,100,0
PVC,2,4,3,0,4,100,1,2,2,3,4,100,0
PVC,2,4,3,0,4,100,1,2,2,3,4,100,0
PVC,0,0,0,0,0,0,0,0,0,0,0,0,0
PVC,0,0,0,0,0,0,0,0,0,0,0,0,0
PVC,2,4,3,0,4,100,1,2,2,3,4,100,0
PVC,2,4,3,0,4,100,1,2,2,3,4,100,0
PVC,2,4,3,0,4,100,1,2,2,3,4,100,0
PVC,2,4,3,0,4,100,1,2,2,3,4,100,0
PVC,2,4,3,0,4,100,1,2,2,3,4,100,0
PVC,2,4,3,0,4,100,1,2,2,3,4,100,0
PVC,2,4,3,0,4,100,1,2,2,3,4,100,0
PVC,2,4,3,0,4,100,1,2,2,3,4,100,0
PVC,2,4,3,0,4,100,1,2,2,3,4,100,0
PVC,2,4,3,0,4,100,1,2,2,3,4,100,0
PVC,2,4,3,0,4,100,1,2,2,3,4,100,0
PVC,2,4,3,0,4,100,1,2,2,3,4,100,0
PVC,2,4,3,0,4,100,1,2,2,3,4,100,0
PVC,2,4,3,0,4,100,1,2,2,3,4,100,0
PVC,0,0,0,0,0,0,0,0,0,0,0,0,0
PVC,0,0,0,0,0,0,0,0,0,0,0,0,0
PVC,0,0,0,0,0,0,0,0,0,0,0,0,0
PVC,0,0,0,0,0,0,0,0,0,0,0,0,0
PVC,0,0,0,0,0,0,0,0,0,0,0,0,0
PVC,2,3,3,0,4,89,1,2,3,3,5,100,0
PVC,2,4,4,0,4,96,1,2,3,3,5,100,0
PVC,2,5,4,0,5,100,1,2,3,3,5,100,0
PVC,2,4,4,0,5,98,1,2,3,3,5,100,0
PVC,2,4,4,0,5,100,1,2,3,3,5,100,0
PVC,2,4,4,0,5,100,1,2,3,3,5,100,0
PVC,2,4,4,0,5,100,1,2,3,3,5,100,0
PVC,2,4,4,0,5,100,1,2,3,3,5,100,0
PVC,2,4,4,0,5,100,1,2,3,3,5,100,0
PVC,2,4,4,0,5,100,1,2,3,3,5,100,0
PVC,2,4,4,0,5,100,1,2,3,3,5,100,0
PVC,2,4,4,0,5,100,1,2,3,3,5,100,0
PVC,2,4,4,0,5,100,1,2,3,3,5,100,0
PVC,2,4,4,0,5,100,1,2,3,3,5,100,0
PVC,2,4,4,0,5,100,1,2,3,3,5,100,0
PVC,2,4,4,0,5,100,1,2,3,3,5,100,0
PVC,2,4,4,0,5,100,1,2,3,3,5,100,0
PVC,2,4,4,0,5,100,1,2,3,3,5,100,0
PVC,2,4,4,0,5,100,1,2,3,3,5,100,0
PVC,2,4,4,0,5,100,1,2,3,3,5,100,0
PVC,2,5,4,0,5,100,1,2,3,3,5,100,0
PVC,2,5,4,0,5,100,1,2,3,3,5,100,0
PVC,2,5,4,0,5,100,1,2,3,3,5,100,0
PVC,2,4,4,0,4,94,1,2,3,3,5,100,0
PVC,2,4,4,0,4,98,1,2,3,3,5,100,0
PVC,2,4,4,0,4,99,1,2,3,3,4,100,0
PVC,2,4,4,0,4,100,1,2,3,3,4,100,0
PVC,2,4,4,0,4,100,1,2,3,3,4,100,0
PVC,2,4,4,0,4,100,1,2,3,3,4,100,0
PVC,2,4,4,0,4,100,1,2,3,3,4,100,0
PVC,2,4,4,0,4,100,1,2,3,3,4,100,0
PVC,2,4,4,0,4,100,1,2,3,3,4,100,0
PVC,2,4,4,0,4,100,1,2,3,3,4,100,0
PVC,2,4,4,0,4,100,1,2,3,3,4,100,0
PVC,2,4,4,0,4,100,1,2,3,3,4,100,0
PVC,2,4,4,0,4,100,1,2,3,3,4,100,0
PVC,2,4,4,0,4,100,1,2,3,3,4,100,0
PVC,2,4,4,0,4,100,1,2,3,3,4,100,0
PVC,2,4,4,0,4,100,1,2,3,3,4,100,0
PVC,2,4,4,0,4,100,1,2,3,3,4,100,0
PVC,2,4,4,0,4,100,1,2,3,3,4,100,0
PVC,2,4,4,0,4,100,1,2,3,3,4,100,0
PVC,2,4,4,0,4,100,1,2,3,3,4,100,0
PVC,2,4,4,0,4,100,1,2,3,3,4,100,0
PVC,2,4,4,0,4,100,1,2,3,3,4,100,0
PVC,2,4,4,0,4,100,1,2,3,3,4,100,0
PVC,2,4,4,0,4,100,1,2,3,3,4,100,0
PVC,2,4,4,0,4,100,1,2,3,3,4,100,0
PVC,2,4,4,0,4,100,1,2,3,3,4,100,0
PVC,2,4,4,0,4,100,1,2,3,3,4,100,0
PVC,2,4,4,0,4,100,1,2,3,3,4,100,0
PVC,2,4,4,0,4,100,1,2,3,3,4,100,0
PVC,2,4,4,0,4,100,1,2,3,3,4,100,0
PVC,2,4,4,0,4,100,1,2,3,3,4,100,0
PVC,2,4,4,0,4,100,1,2,3,3,4,100,0
PVC,2,4,4,0,4,100,1,2,3,3,4,100,0
PVC,2,4,4,0,4,100,1,2,3,3,4,100,0
PVC,2,4,4,0,4,100,1,2,3,3,4,100,0
PVC,2,4,4,0,4,100,1,2,3,3,4,100,0
PVC,2,4,4,0,4,100,1,2,3,3,4,100,0
PVC,2,4,4,0,4,100,1,2,3,3,4,100,0
PVC,2,4,4,0,4,100,1,2,3,3,4,100,0
PVC,2,4,4,0,4,100,1,2,3,3,4,100,0
PVC,2,4,4,0,4,100,1,2,3,3,4,100,0
PVC,2,4,4,0,4,100,1,2,3,3,4,100,0
PVC,2,4,4,0,4,100,1,2,3,3,4,100,0
PVC,2,4,4,0,4,100,1,2,3,3,4,100,0
PVC,2,4,4,0,4,100,1,2,3,3,4,100,0
PVC,2,4,4,0,4,100,1,2,3,3,4,100,0
PVC,2,4,4,0,4,100,1,2,3,3,4,100,0
PVC,2,4,4,0,4,100,1,2,3,3,4,100,0
PVC,2,4,4,0,4,100,1,2,3,3,4,100,0
PVC,2,4,4,0,4,100,1,2,3,3,4,100,0
PVC,2,4,4,0,4,100,1,2,3,3,4,100,0
PVC,2,4,4,0,4,100,1,2,3,3,4,100,0
PVC,2,4,4,0,4,100,1,2,3,3,4,100,0
PVC,2,4,4,0,4,100,1,2,3,3,4,100,0
PVC,2,4,4,0,4,100,1,2,3,3,4,100,0
PVC,2,4,4,0,4,100,1,2,3,3,4,100,0
PVC,2,4,4,0,4,100,1,2,3,3,4,100,0
PVC,2,4,4,0,4,100,1,2,3,3,4,100,0
PVC,2,4,4,0,4,100,1,2,3,3,4,100,0
PVC,2,4,4,0,4,100,1,2,3,3,4,100,0
PVC,2,4,4,0,4,100,1,2,3,3,4,100,0
PVC,2,4,4,0,4,100,1,2,3,3,4,100,0
PVC,2,5,4,0,4,100,1,2,3,3,4,100,0
PVC,2,4,4,0,4,90,1,2,3,3,4,100,0
PVC,2,4,4,0,4,100,1,2,2,3,4,99,0
PVC,2,4,4,0,4,99,1,2,2,3,4,100,0
PVC,2,4,4,0,4,100,1,2,2,3,4,100,0
PVC,2,4,4,0,4,100,1,2,2,3,4,100,0
PVC,2,4,4,0,4,100,1,2,2,3,4,100,0
PVC,2,4,4,0,4,100,1,2,2,3,4,100,0
PVC,2,4,4,0,4,100,1,2,2,3,4,100,0
PVC,2,4,4,0,4,100,1,2,2,3,4,100,0
PVC,2,4,4,0,4,100,1,2,2,3,4,100,0
PVC,2,4,4,0,4,100,1,2,2,3,4,100,0
PVC,2,4,4,0,4,100,1,2,2,3,4,100,0
PVC,2,4,4,0,4,100,1,2,2,3,4,100,0
PVC,2,4,4,0,4,100,1,2,2,3,4,100,0
PVC,2,4,4,0,4,100,1,2,2,3,4,100,0
PVC,2,4,4,0,4,100,1,2,2,3,4,100,0
PVC,2,4,4,0,4,100,1,2,2,3,4,100,0
PVC,2,4,4,0,4,100,1,2,2,3,4,100,0
PVC,2,4,4,0,4,100,1,2,2,3,4,100,0
PVC,2,4,4,0,4,100,1,2,2,3,4,100,0
PVC,2,4,4,0,4,100,1,2,2,3,4,100,0
PVC,2,4,4,0,4,100,1,2,2,3,4,100,0
PVC,2,4,4,0,4,100,1,2,2,3,4,100,0
PVC,2,4,4,0,4,100,1,2,2,3,4,100,0
PVC,2,4,4,0,4,100,1,2,2,3,4,100,0
PVC,2,4,4,0,4,100,1,2,2,3,4,100,0
PVC,2,4,4,0,4,100,1,2,2,3,4,100,0
PVC,2,4,4,0,4,100,1,2,2,3,4,100,0
PVC,2,4,4,0,4,100,1,2,2,3,4,100,0
PVC,2,4,4,0,4,100,1,2,2,3,4,100,0
PVC,2,4,4,0,4,100,1,2,2,3,4,100,0
PVC,2,4,4,0,4,100,1,2,2,3,4,100,0
PVC,2,4,4,0,4,100,1,2,2,3,4,100,0
PVC,2,4,4,0,4,100,1,2,2,3,4,100,0
PVC,2,4,4,0,4,100,1,2,2,3,4,100,0
PVC,2,4,4,0,4,100,1,2,2,3,4,100,0
PVC,2,4,4,0,4,100,1,2,2,3,4,100,0
PVC,2,4,4,0,4,100,1,2,2,3,4,100,0
PVC,2,4,4,0,4,100,1,2,2,3,4,100,0
PVC,2,4,4,0,4,100,1,2,2,3,4,100,0
PVC,2,4,4,0,4,100,1,2,2,3,4,100,0
PVC,2,4,4,0,4,100,1,2,2,3,4,100,0
PVC,2,4,4,0,4,100,1,2,2,3,4,100,0
PVC,2,4,4,0,4,100,1,2,2,3,4,100,0
PVC,2,4,4,0,4,100,1,2,2,3,4,100,0
PVC,2,4,4,0,4,100,1,2,2,3,4,100,0
PVC,2,4,4,0,4,100,1,2,2,3,4,100,0
PVC,2,4,4,0,4,100,1,2,2,3,4,100,0
PVC,2,4,4,0,4,100,1,2,2,3,4,100,0
PVC,2,4,4,0,4,100,1,2,2,3,4,100,0
PP,2,4,3,0,4,100,1,2,3,2,4,100,0
PP,2,4,3,0,4,100,1,2,3,2,4,100,0
PP,2,4,3,0,4,100,1,2,3,2,4,100,0
PP,2,4,3,0,4,100,1,2,3,2,4,100,0
PP,2,4,3,0,4,100,1,2,3,2,4,100,0
PP,2,4,3,0,4,100,1,2,3,2,4,100,0
PP,2,4,3,0,4,100,1,2,3,2,4,100,0
PP,2,4,3,0,4,100,1,2,3,2,4,100,0
PP,2,4,3,0,4,100,1,2,3,2,4,100,0
PP,2,4,3,0,4,100,1,2,3,2,4,100,0
PP,2,4,3,0,4,100,1,2,3,2,4,100,0
PP,2,4,3,0,4,100,1,2,3,2,4,100,0
PP,2,4,3,0,4,100,1,2,3,2,4,100,0
PP,2,4,3,0,4,100,1,2,3,2,4,100,0
PP,2,4,3,0,4,100,1,2,3,2,4,100,0
PP,2,4,3,0,4,100,1,2,3,2,4,100,0
PP,2,4,3,0,4,100,1,2,3,2,4,100,0
PP,2,4,3,0,4,100,1,2,3,2,4,100,0
PP,2,4,3,0,4,100,1,2,3,2,4,100,0
PP,2,4,3,0,4,100,1,2,3,2,4,100,0
PP,2,4,3,0,4,100,1,2,3,2,4,100,0
PP,2,4,3,0,4,100,1,2,3,2,4,100,0
PP,2,4,3,0,4,100,1,2,3,2,4,100,0
PP,2,4,3,0,4,100,1,2,3,2,4,100,0
PP,2,4,3,0,4,100,1,2,3,2,4,100,0
PP,2,4,3,0,4,100,1,2,3,2,4,100,0
PP,2,4,3,0,4,100,1,2,3,2,4,100,0
PP,2,4,3,0,4,100,1,2,3,2,4,100,0
PP,2,4,3,0,4,100,1,2,3,2,4,100,0
PP,2,4,3,0,4,100,1,2,3,2,4,100,0
PP,2,4,3,0,4,100,1,2,3,2,4,100,0
PP,2,4,3,0,4,100,1,2,3,2,4,100,0
PP,2,4,3,0,4,100,1,2,3,2,4,100,0
PP,2,4,3,0,4,100,1,2,3,2,4,100,0
PP,2,4,3,0,4,100,1,2,3,2,4,100,0
PP,2,4,3,0,4,100,1,2,3,2,4,100,0
PP,2,4,3,0,4,100,1,2,3,2,4,100,0
PP,2,4,3,0,4,100,1,2,3,2,4,100,0
PP,2,4,3,0,4,100,1,2,3,2,4,100,0
PP,2,4,3,0,4,100,1,2,3,2,4,100,0
PP,2,4,3,0,4,100,1,2,3,2,4,100,0
PP,2,4,3,0,4,100,1,2,3,2,4,100,0
PP,2,4,3,0,4,100,1,2,3,2,4,100,0
PP,2,4,3,0,4,100,1,2,3,2,4,100,0
PP,2,4,3,0,4,100,1,2,3,2,4,100,0
PP,2,4,3,0,4,100,1,2,3,2,4,100,0
PP,2,4,3,0,4,100,1,2,3,2,4,100,0
PP,2,4,3,0,4,100,1,2,3,2,4,100,0
PP,2,4,3,0,4,100,1,2,3,2,4,100,0
PP,2,4,3,0,4,100,1,2,3,2,4,100,0
PP,2,4,3,0,4,100,1,2,3,2,4,100,0
PP,2,4,3,0,4,100,1,2,3,2,4,100,0
PP,2,4,3,0,4,100,1,2,3,2,4,100,0
PP,2,4,3,0,4,100,1,2,3,2,4,100,0
PP,2,4,3,0,4,100,1,2,3,2,4,100,0
PP,2,4,3,0,4,100,1,2,3,2,4,100,0
PP,2,4,3,0,4,100,1,2,3,2,4,100,0
PP,2,4,3,0,4,100,1,2,3,2,4,100,0
PP,2,4,3,0,4,100,1,2,3,2,4,100,0
PP,2,4,3,0,4,100,1,2,3,2,4,100,0
PP,2,4,3,0,4,100,1,2,3,2,4,100,0
PP,2,4,3,0,4,100,1,2,3,2,4,100,0
PP,2,4,3,0,4,100,1,2,3,2,4,100,0
PP,2,4,3,0,4,100,1,2,3,2,4,100,0
PP,2,4,3,0,4,100,1,2,3,2,4,100,0
PP,2,4,3,0,4,100,1,2,3,2,4,100,0
PP,2,4,3,0,4,100,1,2,3,2,4,100,0
PP,2,4,3,0,4,100,1,2,3,2,4,100,0
PP,2,4,3,0,4,100,1,2,3,2,4,100,0
PP,2,4,3,0,4,100,1,2,3,2,4,100,0
PP,2,4,3,0,4,100,1,2,3,2,4,100,0
PP,2,4,3,0,4,100,1,2,3,2,4,100,0
PP,2,4,3,0,4,100,1,2,3,2,4,100,0
PP,2,4,3,0,4,100,1,2,3,2,4,100,0
PP,2,4,3,0,4,100,1,2,3,2,4,100,0
PP,2,4,3,0,4,100,1,2,3,2,4,100,0
PP,2,4,3,0,4,100,1,2,3,2,4,100,0
PP,2,4,3,0,4,100,1,2,3,2,4,100,0
PP,2,4,3,0,4,100,1,2,3,2,4,100,0
PP,2,4,3,0,4,100,1,2,3,2,4,100,0
PP,2,4,3,0,4,99,1,2,3,2,4,100,0
PP,2,3,3,0,3,71,1,1,3,3,4,100,0
PP,2,4,4,0,5,100,1,1,2,3,4,84,0
PP,2,4,4,0,4,100,1,1,3,3,4,99,0
PP,2,4,4,0,4,100,1,1,3,3,4,100,0
PP,2,4,4,0,4,100,1,1,3,3,4,100,0
PP,2,4,4,0,4,100,1,1,3,3,4,100,0
PP,2,4,4,0,4,100,1,1,3,3,4,100,0
PP,2,4,4,0,4,100,1,1,3,3,4,100,0
PP,2,4,4,0,4,100,1,1,3,3,4,100,0
PP,2,4,4,0,4,100,1,1,3,3,4,100,0
PP,2,4,4,0,4,100,1,1,3,3,4,100,0
PP,2,4,4,0,4,100,1,1,3,3,4,100,0
PP,2,4,4,0,4,100,1,1,3,3,4,100,0
PP,2,4,4,0,4,100,1,1,3,3,4,100,0
PP,2,4,4,0,4,100,1,1,3,3,4,100,0
PP,2,4,4,0,4,100,1,1,3,3,4,100,0
PP,2,4,4,0,4,100,1,1,3,3,4,100,0
PP,2,4,4,0,4,100,1,1,3,3,4,100,0
PP,2,4,4,0,4,100,1,1,3,3,4,100,0
PP,2,4,4,0,4,100,1,1,3,3,4,100,0
PP,2,4,4,0,4,100,1,1,3,3,4,100,0
PP,2,4,4,0,4,100,1,1,3,3,4,100,0
PP,2,4,4,0,4,100,1,1,3,3,4,100,0
PP,2,4,4,0,4,100,1,1,3,3,4,100,0
PP,2,4,4,0,4,100,1,1,3,3,4,100,0
PP,2,4,4,0,4,100,1,1,3,3,4,100,0
PP,2,4,4,0,4,100,1,1,3,3,4,100,0
PP,2,4,4,0,4,100,1,1,3,3,4,100,0
PP,2,4,4,0,4,100,1,1,3,3,4,100,0
PP,2,4,4,0,4,100,1,1,3,3,4,100,0
PP,2,4,4,0,4,100,1,1,3,3,4,100,0
PP,2,4,4,0,4,100,1,1,3,3,4,100,0
PP,2,4,4,0,4,100,1,1,3,3,4,100,0
PP,2,4,4,0,4,100,1,1,3,3,4,100,0
PP,2,4,4,0,4,100,1,1,3,3,4,100,0
PP,2,4,4,0,4,100,1,1,3,3,4,100,0
PP,2,4,4,0,4,100,1,1,3,3,4,100,0
PP,2,4,4,0,4,100,1,1,3,3,4,100,0
PP,2,4,4,0,4,100,1,1,3,3,4,100,0
PP,2,4,4,0,4,100,1,1,3,3,4,100,0
PP,2,4,4,0,4,100,1,1,3,3,4,100,0
PP,2,4,4,0,4,100,1,1,3,3,4,100,0
PP,2,4,4,0,4,100,1,1,3,3,4,100,0
PP,2,4,4,0,4,100,1,1,3,3,4,100,0
PP,2,4,4,0,4,100,1,1,3,3,4,100,0
PP,2,4,4,0,4,100,1,1,3,3,4,99,0
PP,2,4,4,0,4,100,1,1,3,3,4,100,0
PP,2,4,4,0,4,98,1,1,3,3,4,100,0
PP,2,4,4,0,4,97,1,1,3,3,5,100,0
PP,2,4,4,0,5,100,1,1,3,3,5,99,0
PP,2,4,4,0,5,100,1,1,3,3,5,100,0
PP,2,4,4,0,5,100,1,1,3,3,5,100,0
PP,2,4,4,0,5,100,1,1,3,3,5,100,0
PP,2,4,4,0,5,100,1,1,3,3,5,100,0
PP,2,4,4,0,5,100,1,1,3,3,5,100,0
PP,2,4,4,0,5,100,1,1,3,3,5,100,0
PP,2,4,4,0,5,100,1,1,3,3,5,100,0
PP,2,4,4,0,5,100,1,1,3,3,5,100,0
PP,2,4,4,0,5,100,1,1,3,3,5,100,0
PP,2,4,4,0,5,100,1,1,3,3,5,100,0
PP,2,4,4,0,5,100,1,1,3,3,5,100,0
PP,2,4,4,0,5,100,1,1,3,3,5,100,0
PP,2,4,4,0,5,100,1,1,3,3,5,100,0
PP,2,4,4,0,5,100,1,1,3,3,5,100,0
PP,2,4,4,0,5,100,1,1,3,3,5,100,0
PP,2,4,4,0,5,100,1,1,3,3,5,100,0
PP,2,4,4,0,5,100,1,1,3,3,5,100,0
PP,2,4,4,0,5,100,1,1,3,3,5,100,0
PP,2,4,4,0,5,100,1,1,3,3,5,100,0
PP,2,4,4,0,5,100,1,1,3,3,5,100,0
PP,2,4,4,0,5,100,1,1,3,3,5,100,0
PP,2,4,4,0,5,100,1,1,3,3,5,100,0
PP,2,4,4,0,5,100,1,1,3,3,5,100,0
PP,2,4,4,0,5,100,1,1,3,3,5,100,0
PP,2,4,4,0,5,100,1,1,3,3,5,100,0
PP,2,4,4,0,5,100,1,1,3,3,5,100,0
PP,2,4,4,0,5,100,1,1,3,3,5,100,0
PP,2,4,4,0,5,100,1,1,3,3,5,100,0
PP,2,4,4,0,5,100,1,1,3,3,5,100,0
PP,2,4,4,0,5,100,1,1,3,3,5,100,0
PP,2,4,4,0,5,100,1,1,3,3,5,100,0
PP,2,4,4,0,5,100,1,1,3,3,5,100,0
PP,2,4,4,0,5,100,1,1,3,3,5,100,0
PP,2,4,4,0,5,100,1,1,3,3,5,100,0
PP,2,4,4,0,5,100,1,1,3,3,5,100,0
PP,2,4,4,0,5,100,1,1,3,3,5,100,0
PP,2,4,4,0,5,100,1,1,3,3,5,100,0
PP,2,4,4,0,5,100,1,1,3,3,5,100,0
PP,2,4,4,0,5,100,1,1,3,3,5,100,0
PP,2,4,4,0,5,100,0,1,1,2,2,49,0
PP,3,4,4,0,5,100,1,2,3,2,4,85,0
PP,3,5,4,0,5,97,1,2,3,3,5,100,0
PP,2,4,4,0,4,95,1,2,3,3,5,100,0
PP,2,4,4,0,4,100,1,1,3,2,4,95,0
PP,2,4,4,0,4,100,1,1,3,2,4,99,0
PP,2,4,3,0,4,99,1,1,3,2,4,100,0
PP,2,4,3,0,4,100,1,1,3,2,4,100,0
PP,2,4,3,0,4,100,1,1,3,2,4,100,0
PP,2,4,3,0,4,100,1,1,3,2,4,100,0
PP,2,4,3,0,4,100,1,1,3,2,4,100,0
PP,2,4,3,0,4,100,1,1,3,2,4,100,0
PP,2,4,3,0,4,100,1,1,3,2,4,100,0
PP,2,4,3,0,4,100,1,1,3,2,4,100,0
PP,2,4,3,0,4,100,1,1,3,2,4,100,0
PP,2,4,3,0,4,100,1,1,3,2,4,100,0
PP,2,4,3,0,4,100,1,1,3,2,4,100,0
PP,2,4,3,0,4,100,1,1,3,2,4,100,0
PP,2,4,3,0,4,100,1,1,3,2,4,100,0
PP,2,4,3,0,4,100,1,1,3,2,4,100,0
PP,2,4,3,0,4,100,1,1,3,2,4,100,0
PP,2,4,3,0,4,100,1,1,3,2,4,100,0
PP,2,4,3,0,4,100,1,1,3,2,4,100,0
PP,2,4,3,0,4,100,1,1,3,2,4,100,0
PP,2,4,3,0,4,100,1,1,3,2,4,100,0
PP,2,4,3,0,4,100,1,1,3,2,4,100,0
PP,2,4,3,0,4,100,1,1,3,2,4,100,0
PP,2,4,3,0,4,100,1,1,3,2,4,100,0
PP,2,4,3,0,4,100,1,1,3,2,4,100,0
PP,2,4,3,0,4,100,1,1,3,2,4,100,0
PP,2,4,3,0,4,100,1,1,3,2,4,100,0
PP,2,4,3,0,4,100,1,1,3,2,4,100,0
PP,2,4,3,0,4,100,1,1,3,2,4,100,0
PP,2,4,3,0,4,100,1,1,3,2,4,100,0
PP,2,4,3,0,4,100,1,1,3,2,4,100,0
PP,2,4,3,0,4,100,1,1,3,2,4,100,0
PP,2,4,3,0,4,100,1,1,3,2,4,100,0
PP,2,4,3,0,4,100,1,1,3,2,4,100,0
PP,2,4,3,0,4,100,1,1,3,2,4,100,0
PP,2,4,3,0,4,100,1,1,3,2,4,100,0
PP,2,4,3,0,4,100,1,1,3,2,4,100,0
PP,2,4,3,0,4,100,1,1,3,2,4,100,0
PP,2,4,3,0,4,100,1,1,3,2,4,100,0
PP,2,4,3,0,4,100,1,1,3,2,4,100,0
PP,2,4,3,0,4,100,1,1,3,2,4,98,0
PP,2,4,4,0,4,100,1,1,3,2,4,100,0
PP,2,4,4,0,4,100,1,1,3,2,4,100,0
PP,2,4,4,0,4,100,1,1,3,2,4,100,0
PP,2,4,4,0,4,98,1,2,3,2,4,100,0
PP,2,4,4,0,4,100,1,2,3,2,4,98,0
PP,2,4,4,0,4,99,1,2,3,3,4,100,0
PP,2,4,4,0,4,100,1,2,3,3,4,100,0
PP,2,4,4,0,4,100,1,2,3,3,4,100,0
PP,2,4,4,0,4,100,1,2,3,3,4,100,0
PP,2,4,4,0,4,100,1,2,3,3,4,100,0
PP,2,4,4,0,4,100,1,2,3,3,4,100,0
PP,2,4,4,0,4,100,1,2,3,3,4,100,0
PP,2,4,4,0,4,100,1,2,3,3,4,100,0
PP,2,4,4,0,4,100,1,2,3,3,4,100,0
PP,2,4,4,0,4,100,1,2,3,3,4,100,0
PP,2,4,4,0,4,100,1,2,3,3,4,100,0
PP,2,4,4,0,4,100,1,2,3,3,4,100,0
PP,2,4,4,0,4,100,1,2,3,3,4,100,0
PP,2,4,4,0,4,100,1,2,3,3,4,100,0
PP,2,4,4,0,4,100,1,2,3,3,4,100,0
PP,2,4,4,0,4,100,1,2,3,3,4,100,0
PP,2,4,4,0,4,100,1,2,3,3,4,100,0
PP,2,4,4,0,4,100,1,2,3,3,4,100,0
PP,2,4,4,0,4,100,1,2,3,3,4,100,0
PP,2,4,4,0,4,100,1,2,3,3,4,100,0
PP,2,4,4,0,4,100,1,2,3,3,4,100,0
PP,2,4,4,0,4,100,1,2,3,3,4,100,0
PP,2,4,4,0,4,100,1,2,3,3,4,100,0
PP,2,4,4,0,4,100,1,2,3,3,4,100,0
PP,2,4,4,0,4,100,1,2,3,3,4,100,0
PP,2,4,4,0,4,100,1,2,3,3,4,100,0
PP,2,4,4,0,4,100,1,2,3,3,4,100,0
PP,2,4,4,0,4,100,1,2,3,3,4,100,0
PP,2,4,4,0,4,100,1,2,3,3,4,100,0
PP,2,4,4,0,4,100,1,2,3,3,4,100,0
PP,2,4,4,0,4,100,1,2,3,3,4,100,0
PP,2,4,4,0,4,100,1,2,3,3,4,100,0
PP,2,4,4,0,4,100,1,2,3,3,4,100,0
PP,2,4,4,0,4,100,1,2,3,3,4,100,0
PP,2,4,4,0,4,100,1,2,3,3,4,100,0
PP,2,4,4,0,4,100,1,2,3,3,4,100,0
PP,2,4,4,0,4,100,1,2,3,3,4,100,0
PP,2,4,4,0,4,95,1,2,3,3,5,100,0
PP,3,5,4,0,4,100,1,2,3,2,4,89,0
PP,3,4,4,0,4,90,1,2,3,3,5,100,0
PP,2,4,4,0,4,90,1,1,3,3,5,100,0
PP,2,5,4,0,5,100,1,1,3,3,4,95,0
PP,2,4,4,0,5,100,1,2,3,3,5,98,0
PP,2,4,4,0,5,100,1,2,3,3,5,100,0
PP,2,4,4,0,5,100,1,2,3,3,5,100,0
PP,2,4,4,0,5,100,1,2,3,3,5,100,0
PP,2,4,4,0,5,100,1,2,3,3,5,100,0
PP,2,4,4,0,5,100,1,2,3,3,5,100,0
PP,2,4,4,0,5,100,1,2,3,3,5,100,0
PP,2,4,4,0,5,100,1,2,3,3,5,100,0
PP,2,4,4,0,5,100,1,2,3,3,5,100,0
PP,2,4,4,0,5,100,1,2,3,3,5,100,0
PP,2,4,4,0,5,100,1,2,3,3,5,100,0
PP,2,4,4,0,5,100,1,2,3,3,5,100,0
PP,2,4,4,0,5,100,1,2,3,3,5,100,0
PP,2,4,4,0,5,100,1,2,3,3,5,100,0
PP,2,4,4,0,5,100,1,2,3,3,5,100,0
PP,2,4,4,0,5,100,1,2,3,3,5,100,0
PP,2,4,4,0,5,100,1,2,3,3,5,100,0
PP,2,4,4,0,5,100,1,2,3,3,5,100,0
PP,2,4,4,0,5,100,1,2,3,3,5,100,0
PP,2,4,4,0,5,100,1,2,3,3,5,100,0
PP,2,4,4,0,5,100,1,2,3,3,5,100,0
PP,2,4,4,0,5,100,1,2,3,3,5,100,0
PP,2,4,4,0,5,100,1,2,3,3,5,100,0
PP,2,4,4,0,5,100,1,2,3,3,5,100,0
PP,2,4,4,0,5,100,1,2,3,3,5,100,0
PP,2,4,4,0,5,100,1,2,3,3,5,100,0
PP,2,4,4,0,5,100,1,2,3,3,5,100,0
PP,2,4,4,0,5,100,1,2,3,3,5,100,0
PP,2,4,4,0,5,100,1,2,3,3,5,100,0
PP,2,4,4,0,5,100,1,2,3,3,5,100,0
PP,2,4,4,0,5,100,1,2,3,3,5,100,0
PP,2,4,4,0,5,100,1,2,3,3,5,100,0
PP,2,4,4,0,5,100,1,2,3,3,5,100,0
PP,2,4,4,0,5,100,1,2,3,3,5,100,0
PP,2,4,4,0,5,100,1,2,3,3,5,100,0
PP,2,4,4,0,5,100,1,2,3,3,5,100,0
PP,2,4,4,0,5,100,1,2,3,3,5,100,0
PP,2,4,4,0,5,100,1,2,3,3,5,100,0
PP,2,4,4,0,5,100,1,2,3,3,5,100,0
PP,2,4,4,0,5,100,1,2,3,3,5,100,0
PP,2,4,4,0,5,100,1,2,3,3,5,100,0
PP,2,4,4,0,5,100,1,2,3,3,5,100,0
PP,2,4,4,0,5,100,1,2,3,3,5,100,0
OTHER,3,4,4,0,5,100,1,2,3,3,5,100,0
OTHER,3,4,4,0,5,100,1,2,3,3,5,100,0
OTHER,3,4,4,0,5,100,1,2,3,3,5,100,0
OTHER,3,4,4,0,5,100,1,2,3,3,5,100,0
OTHER,3,4,4,0,5,100,1,2,3,3,5,100,0
OTHER,3,4,4,0,5,100,1,2,3,3,5,100,0
OTHER,3,4,4,0,5,100,1,2,3,3,5,100,0
OTHER,3,4,4,0,5,100,1,2,3,3,5,100,0
OTHER,3,4,4,0,5,100,1,2,3,3,5,100,0
OTHER,3,4,4,0,5,100,1,2,3,3,5,100,0
OTHER,3,4,4,0,5,100,1,2,3,3,5,100,0
OTHER,3,4,4,0,5,100,1,2,3,3,5,100,0
OTHER,3,4,4,0,5,100,1,2,3,3,5,100,0
OTHER,3,4,4,0,5,100,1,2,3,3,5,100,0
OTHER,3,4,4,0,5,100,1,2,3,3,5,100,0
OTHER,3,4,4,0,5,100,1,2,3,3,5,100,0
OTHER,3,4,4,0,5,100,1,2,3,3,5,98,0
OTHER,3,4,4,0,5,100,1,2,3,3,5,100,0
OTHER,3,4,4,0,5,100,1,2,3,3,5,100,0
OTHER,3,4,4,0,5,100,1,2,3,3,5,100,0
OTHER,3,4,4,0,5,100,1,2,3,3,5,100,0
OTHER,3,4,4,0,5,100,1,2,3,3,5,100,0
OTHER,3,4,4,0,5,100,1,2,3,3,5,100,0
OTHER,3,4,4,0,5,100,1,2,3,3,5,100,0
OTHER,3,4,4,0,5,100,1,2,3,3,5,100,0
OTHER,3,4,4,0,5,100,1,2,3,3,5,100,0
OTHER,3,4,4,0,5,100,1,2,3,3,5,100,0
OTHER,3,4,4,0,5,100,1,2,3,3,5,100,0
OTHER,3,4,4,0,5,100,1,2,3,3,5,100,0
OTHER,3,4,4,0,5,100,1,2,3,3,5,100,0
OTHER,3,4,4,0,5,100,1,2,3,3,5,100,0
OTHER,3,4,4,0,5,100,1,2,3,3,5,100,0
OTHER,3,4,4,0,5,100,1,2,3,3,5,100,0
OTHER,3,4,4,0,5,100,1,2,3,3,5,100,0
OTHER,3,4,4,0,5,100,1,2,3,3,5,100,0
OTHER,3,4,4,0,5,100,1,2,3,3,5,100,0
OTHER,3,4,4,0,5,100,1,2,3,3,5,100,0
OTHER,3,4,4,0,5,100,1,2,3,3,5,100,0
OTHER,3,4,4,0,5,100,1,2,3,3,5,100,0
OTHER,3,4,4,0,5,100,1,2,3,3,5,100,0
OTHER,3,4,4,0,5,100,1,2,3,3,5,100,0
OTHER,3,4,4,0,5,100,1,2,3,3,5,100,0
OTHER,3,4,4,0,5,100,1,2,3,3,5,100,0
OTHER,3,4,4,0,5,100,1,2,3,3,5,100,0
OTHER,3,4,4,0,5,100,1,2,3,3,5,100,0
OTHER,3,4,4,0,5,100,1,2,3,3,5,100,0
OTHER,3,4,4,0,5,100,1,2,3,3,5,100,0
OTHER,3,4,4,0,5,100,1,2,3,3,5,100,0
OTHER,3,4,4,0,5,100,1,2,3,3,5,100,0
OTHER,3,4,4,0,5,100,1,2,3,3,5,100,0
OTHER,3,4,4,0,5,100,1,2,3,3,5,100,0
OTHER,3,4,4,0,5,100,1,2,3,3,5,100,0
OTHER,3,4,4,0,5,100,1,2,3,3,5,100,0
OTHER,3,4,4,0,5,100,1,2,3,3,5,100,0
OTHER,3,4,4,0,5,100,1,2,3,3,5,100,0
OTHER,3,4,4,0,5,100,1,2,3,3,5,100,0
OTHER,3,4,4,0,5,100,1,2,3,3,5,100,0
OTHER,3,4,4,0,5,100,1,2,3,3,5,100,0
OTHER,3,4,4,0,5,100,1,2,3,3,5,100,0
OTHER,3,4,4,0,5,100,1,2,3,3,5,100,0
OTHER,3,4,4,0,5,100,1,2,3,3,5,100,0
OTHER,3,4,4,0,5,100,1,2,3,3,5,100,0
OTHER,3,4,4,0,5,100,1,2,3,3,5,100,0
OTHER,3,4,4,0,5,100,1,2,3,3,5,100,0
OTHER,3,4,4,0,5,100,1,2,3,3,5,100,0
OTHER,3,4,4,0,5,100,1,2,3,3,5,99,0
OTHER,3,4,4,0,5,98,1,2,3,3,5,100,0
OTHER,2,4,4,0,5,95,1,2,3,3,5,100,0
OTHER,3,4,3,0,5,100,1,2,3,2,4,90,0
OTHER,3,3,3,0,4,78,1,3,4,3,5,100,0
OTHER,3,5,4,0,6,100,1,3,4,4,6,99,0
OTHER,3,5,4,0,6,100,1,3,4,4,6,100,0
OTHER,3,5,4,0,6,100,1,3,4,4,6,99,0
OTHER,3,5,4,0,6,100,1,3,4,4,6,100,0
OTHER,3,5,4,0,6,100,1,3,4,4,6,99,0
OTHER,3,5,4,0,6,100,1,3,4,4,6,100,0
OTHER,3,5,4,0,6,100,1,3,4,4,6,99,0
OTHER,3,5,4,0,6,99,1,3,4,4,6,100,0
OTHER,3,5,4,0,6,100,1,3,4,4,6,100,0
OTHER,3,5,4,0,6,100,1,3,4,4,6,100,0
OTHER,3,5,4,0,6,100,1,3,4,4,6,100,0
OTHER,3,5,4,0,6,100,1,3,4,4,6,100,0
OTHER,3,5,4,0,6,100,1,3,4,4,6,100,0
OTHER,3,5,4,0,6,100,1,3,4,4,6,100,0
OTHER,3,5,4,0,6,99,1,3,4,4,6,100,0
OTHER,3,5,4,0,6,100,1,3,4,4,6,100,0
OTHER,3,5,4,0,6,100,1,3,4,4,6,100,0
OTHER,3,5,4,0,6,100,1,3,4,4,6,100,0
OTHER,3,5,4,0,6,100,1,3,4,4,6,100,0
OTHER,3,5,4,0,6,100,1,3,4,4,6,100,0
OTHER,3,5,4,0,6,100,1,3,4,4,6,100,0
OTHER,3,5,4,0,6,100,1,3,4,4,6,100,0
OTHER,3,5,4,0,6,100,1,3,4,4,6,100,0
OTHER,3,5,4,0,6,100,1,3,4,4,6,100,0
OTHER,3,5,4,0,6,100,1,3,4,4,6,100,0
OTHER,3,5,4,0,6,100,1,3,4,4,6,100,0
OTHER,3,5,4,0,6,100,1,3,4,4,6,100,0
OTHER,3,5,4,0,6,100,1,3,4,4,6,100,0
OTHER,3,5,4,0,6,100,1,3,4,4,6,99,0
OTHER,3,5,4,0,6,100,1,3,4,4,6,100,0
OTHER,3,5,4,0,6,100,1,3,4,4,6,100,0
OTHER,3,5,4,0,6,100,1,3,4,4,6,100,0
OTHER,3,5,4,0,6,100,1,3,4,4,6,100,0
OTHER,3,5,4,0,6,100,1,3,4,4,6,100,0
OTHER,3,5,4,0,6,100,1,3,4,4,6,100,0
OTHER,3,5,4,0,6,100,1,3,4,4,6,100,0
OTHER,3,5,4,0,6,100,1,3,4,4,6,100,0
OTHER,3,5,4,0,6,100,1,3,4,4,6,100,0
OTHER,3,5,4,0,6,99,1,3,4,4,6,100,0
OTHER,3,5,4,0,6,100,1,3,4,4,6,100,0
OTHER,3,5,4,0,6,100,1,3,4,4,6,100,0
OTHER,3,5,4,0,6,100,1,3,4,4,6,100,0
OTHER,3,5,4,0,6,100,1,3,4,4,6,100,0
OTHER,3,5,4,0,6,100,1,3,4,4,6,100,0
OTHER,3,5,4,0,6,100,1,3,4,4,6,100,0
OTHER,3,5,4,0,6,100,1,3,4,4,6,100,0
OTHER,3,5,4,0,6,100,1,3,4,4,6,100,0
OTHER,3,5,4,0,6,100,1,3,4,4,6,100,0
OTHER,3,5,4,0,6,100,1,3,4,4,6,100,0
OTHER,3,5,4,0,6,100,1,3,4,4,6,100,0
OTHER,3,5,4,0,6,100,1,3,4,4,6,100,0
OTHER,3,5,4,0,6,100,1,3,4,4,6,100,0
OTHER,3,5,4,0,6,100,1,3,4,4,6,100,0
OTHER,3,5,4,0,6,100,1,3,4,4,6,100,0
OTHER,3,5,4,0,6,100,1,3,4,4,6,100,0
OTHER,3,5,4,0,6,100,1,3,4,4,6,100,0
OTHER,3,5,4,0,6,100,1,3,4,4,6,100,0
OTHER,3,5,4,0,6,100,1,3,4,4,6,100,0
OTHER,3,5,4,0,6,100,1,3,4,4,6,100,0
OTHER,3,5,4,0,6,100,1,3,4,4,6,100,0
OTHER,3,5,4,0,6,100,1,3,4,4,6,100,0
OTHER,3,5,4,0,6,100,1,3,4,4,6,100,0
OTHER,3,5,4,0,6,100,1,3,4,4,6,100,0
OTHER,3,5,4,0,6,100,1,3,4,4,6,100,0
OTHER,3,5,4,0,6,100,1,3,4,4,6,100,0
OTHER,3,5,4,0,6,100,1,3,4,4,6,100,0
OTHER,3,5,4,0,6,100,1,3,4,4,6,100,0
OTHER,3,5,4,0,6,100,1,3,4,4,6,100,0
OTHER,3,5,4,0,6,99,1,3,4,4,6,100,0
OTHER,3,5,4,0,6,100,1,3,4,4,6,100,0
OTHER,3,5,4,0,6,100,1,3,4,4,6,100,0
OTHER,3,5,4,0,6,100,1,3,4,4,6,99,0
OTHER,3,5,4,0,6,100,1,3,4,4,6,100,0
OTHER,3,5,4,0,6,100,1,3,4,4,6,100,0
OTHER,3,5,4,0,6,100,1,3,4,4,6,100,0
OTHER,3,5,4,0,6,100,1,3,4,4,6,100,0
OTHER,3,5,4,0,6,100,1,3,4,4,6,100,0
OTHER,3,5,4,0,6,100,1,3,4,4,6,100,0
OTHER,3,5,4,0,6,100,1,3,4,4,6,100,0
OTHER,3,5,4,0,6,100,1,3,4,4,6,100,0
OTHER,3,5,4,0,6,100,1,3,4,4,6,100,0
OTHER,3,5,4,0,6,100,1,3,4,4,6,100,0
OTHER,3,5,4,0,6,100,1,3,4,4,6,100,0
PET,1,2,2,0,3,100,0,1,2,3,3,100,0
PET,1,2,2,0,3,100,0,1,2,3,3,100,0
PET,1,2,2,0,3,100,0,1,2,3,3,100,0
PET,1,2,2,0,3,100,0,1,2,3,3,100,0
PET,1,2,2,0,3,100,0,1,2,3,3,100,0
PET,1,2,2,0,3,100,0,1,2,3,3,100,0
PET,1,2,2,0,3,100,0,1,2,3,3,100,0
PET,1,2,2,0,3,100,0,1,2,3,3,100,0
PET,1,2,2,0,3,100,0,1,2,3,3,100,0
PET,1,2,2,0,3,100,0,1,2,3,3,100,0
PET,1,2,2,0,3,100,0,1,2,3,3,100,0
PET,1,2,2,0,3,100,0,1,2,3,3,100,0
PET,1,2,2,0,3,100,0,1,2,3,3,100,0
PET,1,2,2,0,3,100,0,1,2,3,3,100,0
PET,1,2,2,0,3,100,0,1,2,3,3,100,0
PET,1,2,2,0,3,100,0,1,2,3,3,100,0
PET,1,2,2,0,3,100,0,1,2,3,3,100,0
PET,1,2,2,0,3,100,0,1,2,3,3,100,0
PET,1,2,2,0,3,100,0,1,2,3,3,100,0
PET,1,2,2,0,3,100,0,1,2,3,3,100,0
PET,1,2,2,0,3,100,0,1,2,3,3,100,0
PET,1,2,2,0,3,100,0,1,2,3,3,100,0
PET,1,2,2,0,3,100,0,1,2,3,3,100,0
PET,1,2,2,0,3,100,0,1,2,3,3,100,0
PET,1,2,2,0,3,100,0,1,2,3,3,100,0
PET,1,2,2,0,3,100,0,1,2,3,3,100,0
PET,1,2,2,0,3,100,0,1,2,3,3,100,0
PET,1,2,2,0,3,100,0,1,2,3,3,100,0
PET,1,2,2,0,3,100,0,1,2,3,3,100,0
PET,1,2,2,0,3,100,0,1,2,3,3,100,0
PET,1,2,2,0,3,99,0,1,2,3,3,100,0
PET,1,2,2,0,3,100,0,1,2,3,3,100,0
PET,1,2,2,0,3,100,0,1,2,3,3,100,0
PET,1,2,2,0,3,100,0,1,2,3,3,100,0
PET,1,2,2,0,3,100,0,1,2,3,3,100,0
PET,1,2,2,0,3,100,0,1,2,3,3,100,0
PET,1,2,2,0,3,100,1,1,2,3,3,100,0
PET,1,2,2,0,3,100,1,1,2,3,3,100,0
PET,1,2,2,0,3,100,0,1,2,3,3,100,0
PET,1,2,2,0,3,100,0,1,2,3,3,100,0
PET,1,2,2,0,3,100,0,1,2,3,3,100,0
PET,1,2,2,0,3,100,0,1,2,3,3,100,0
PET,1,2,2,0,3,100,0,1,2,3,3,100,0
PET,1,2,2,0,3,100,0,1,1,3,3,100,0
PET,1,2,2,0,3,100,0,1,1,3,3,100,0
PET,1,2,2,0,3,100,0,1,1,3,3,100,0
PET,1,2,2,0,3,99,0,1,2,3,3,100,0
PET,1,2,2,0,3,100,0,1,2,3,3,100,0
PET,1,2,2,0,3,100,0,1,2,3,3,100,0
PET,1,2,2,0,3,100,0,1,2,3,3,100,0
PET,1,2,2,0,3,100,0,1,2,3,3,100,0
PET,1,2,2,0,3,100,0,1,2,3,3,100,0
PET,1,2,2,0,3,100,0,1,2,3,3,100,0
PET,1,2,2,0,3,100,0,1,2,3,3,100,0
PET,1,2,2,0,3,100,0,1,2,3,3,100,0
PET,1,2,2,0,3,100,0,1,2,3,3,100,0
PET,1,2,2,0,3,100,0,1,2,3,3,100,0
PET,1,2,2,0,3,100,0,1,2,3,3,100,0
PET,1,2,2,0,3,100,0,1,2,3,3,100,0
PET,1,2,2,0,3,100,0,1,2,3,3,100,0
PET,1,2,2,0,3,100,0,1,2,3,3,100,0
PET,1,2,2,0,3,100,0,1,2,3,3,100,0
PET,1,2,2,0,3,100,0,1,2,3,3,99,0
PET,1,2,2,0,3,99,1,1,2,3,3,100,0
PET,1,2,2,0,3,95,1,1,2,3,4,100,0
PET,1,2,2,1,3,98,1,1,1,3,3,100,0
PET,1,3,3,1,4,96,0,1,2,3,4,100,0
PET,1,3,3,1,4,96,0,1,2,3,4,100,0
PET,1,3,3,1,4,99,1,1,2,3,4,100,0
PET,1,3,3,1,4,100,1,1,2,3,3,96,0
PET,2,3,3,0,4,100,1,2,2,3,4,100,0
PET,1,3,3,0,4,99,1,2,2,3,4,100,0
PET,1,3,3,0,4,99,1,2,2,3,4,100,0
PET,2,3,3,0,4,100,1,2,2,3,4,100,0
PET,2,3,3,0,4,100,1,1,2,3,4,100,0
PET,2,3,3,0,4,100,1,1,2,3,4,100,0
PET,2,3,3,0,4,100,1,2,2,3,4,100,0
PET,2,3,3,0,4,100,1,2,2,3,4,100,0
PET,2,3,2,0,4,100,1,2,2,3,4,100,0
PET,2,3,3,0,4,100,1,2,2,3,4,100,0
PET,2,3,3,0,4,100,1,2,2,3,4,100,0
PET,2,3,3,0,4,100,1,2,2,3,4,100,0
PET,2,3,3,0,4,100,1,2,2,3,4,100,0
PET,2,3,3,0,4,100,1,2,2,3,4,100,0
PET,2,3,3,0,4,100,1,2,2,3,4,100,0
PET,2,3,3,0,4,100,1,2,2,3,4,100,0
PET,2,3,3,0,4,100,1,2,2,3,4,100,0
PET,2,3,3,0,4,100,1,2,2,3,4,100,0
PET,2,3,3,0,4,100,1,2,2,3,4,100,0
PET,2,3,3,0,4,100,1,2,2,3,4,100,0
PET,2,3,3,0,4,100,1,2,2,3,4,100,0
PET,2,3,3,0,4,100,1,2,2,3,4,100,0
PET,2,3,3,0,4,100,1,2,2,3,4,100,0
PET,2,3,3,0,4,100,1,2,2,3,4,100,0
PET,2,3,3,0,4,100,1,2,2,3,4,100,0
PET,2,3,3,0,4,100,1,2,2,3,4,100,0
PET,2,3,3,0,4,100,1,2,2,3,4,100,0
PET,2,3,3,0,4,100,1,2,2,3,4,100,0
PET,2,3,3,0,4,100,1,2,2,3,4,100,0
PET,2,3,3,0,4,100,1,2,2,3,4,100,0
PET,2,3,3,0,4,100,1,2,2,3,4,100,0
PET,2,3,3,0,4,100,1,2,2,3,4,100,0
PET,1,3,3,0,4,100,1,2,2,3,4,100,0
PET,2,3,3,0,4,100,1,2,2,3,4,100,0
PET,2,3,3,0,4,100,1,2,2,3,4,100,0
PET,2,3,3,0,4,100,1,2,2,3,4,100,0
PET,2,3,3,0,4,100,1,2,2,3,4,100,0
PET,2,3,3,0,4,100,1,2,2,3,4,100,0
PET,2,3,3,0,4,100,1,2,2,3,4,100,0
PET,2,3,3,0,4,100,1,2,2,3,4,100,0
PET,2,3,3,0,4,100,1,2,2,3,4,100,0
PET,2,3,3,0,4,100,1,2,2,3,4,100,0
PET,2,3,3,0,4,100,1,2,2,3,4,100,0
PET,2,3,3,0,4,100,1,2,2,3,4,100,0
PET,2,3,3,0,4,100,1,2,2,3,4,100,0
PET,2,3,3,0,4,100,1,2,2,3,4,100,0
PET,2,3,3,0,4,100,1,2,2,3,4,100,0
PET,2,3,3,0,4,100,1,2,2,3,4,100,0
PET,2,3,3,0,4,100,1,2,2,3,4,100,0
PET,2,3,3,0,4,100,1,2,2,3,4,100,0
PET,2,3,3,0,4,100,1,2,2,3,4,100,0
PET,2,3,3,0,4,100,1,2,2,3,4,100,0
PET,2,3,3,0,4,100,1,2,2,3,4,100,0
PET,1,3,3,0,4,100,1,1,2,3,4,100,0
PET,1,3,2,0,4,100,1,1,2,3,4,100,0
PET,1,3,3,0,4,100,1,1,2,3,4,100,0
PET,1,3,3,0,4,100,1,1,2,3,4,100,0
PET,2,3,3,0,4,100,1,2,2,3,4,100,0
PET,1,3,3,0,4,100,1,2,2,3,4,100,0
PET,1,3,3,0,4,100,1,2,2,3,4,100,0
PET,2,3,3,0,4,100,1,2,2,3,4,100,0
PET,2,3,3,0,4,100,1,2,2,3,4,100,0
PET,2,3,3,0,4,100,1,2,2,3,4,100,0
PET,1,3,3,0,4,100,1,2,2,3,4,100,0
PET,2,3,3,0,4,100,1,2,2,3,4,100,0
PET,2,3,3,0,4,100,1,2,2,3,4,100,0
PET,2,3,3,0,4,100,1,2,2,3,4,100,0
PET,2,3,3,0,4,100,1,2,2,3,4,100,0
PET,2,3,3,0,4,100,1,2,2,3,4,100,0
PET,2,3,3,0,4,100,1,2,2,3,4,100,0
PET,2,3,3,0,4,100,1,2,2,3,4,100,0
PET,2,3,3,0,4,100,1,2,2,3,4,100,0
PET,1,3,3,0,4,100,1,2,2,3,4,100,0
PET,1,3,3,0,4,100,1,2,2,3,4,100,0
PET,1,3,3,0,4,100,1,2,2,3,4,100,0
PET,1,3,3,0,4,100,1,2,2,3,4,100,0
PET,1,3,3,0,4,100,1,2,2,3,4,100,0
PET,1,3,3,0,4,100,1,2,2,3,4,100,0
PET,1,3,3,0,4,100,1,2,2,3,4,100,0
PET,1,3,3,0,4,100,1,2,2,3,4,100,0
PET,2,3,3,0,4,100,1,2,2,3,4,100,0
PET,2,3,3,0,4,100,1,2,2,3,4,100,0
PET,2,3,3,0,4,100,1,2,2,3,4,100,0
PET,2,3,3,0,4,100,1,2,2,3,4,100,0
PET,2,3,3,0,4,100,1,2,2,3,4,100,0
PET,2,3,3,0,4,100,1,2,2,3,4,100,0
PET,2,3,3,0,4,100,1,2,2,3,4,100,0
PET,2,3,3,0,4,100,1,2,2,3,4,100,0
PET,2,3,3,0,4,100,1,2,2,3,4,100,0
PET,2,3,3,0,4,100,1,2,2,3,4,100,0
PET,2,3,3,0,4,100,1,2,2,3,4,100,0
PET,2,3,3,0,4,100,1,2,2,3,4,100,0
PET,2,3,3,0,4,100,1,2,2,3,4,100,0
PET,2,3,3,0,4,100,1,2,2,3,4,100,0
PET,2,3,3,0,4,100,1,2,2,3,4,100,0
PET,2,3,3,0,4,100,1,2,2,3,4,100,0
PET,2,3,3,0,4,100,1,2,2,3,4,100,0
PET,2,3,3,0,4,100,1,2,2,3,4,100,0
PET,2,3,3,0,4,100,1,2,2,3,4,100,0
PET,2,3,3,0,4,100,1,2,2,3,4,100,0
PET,2,3,3,0,4,100,1,2,2,3,4,100,0
PET,2,3,3,0,4,100,1,2,2,3,4,100,0
PET,2,3,3,0,4,100,1,2,2,3,4,100,0
PET,2,3,3,0,4,100,1,2,2,3,4,100,0
PET,2,3,3,0,4,100,1,2,2,3,4,100,0
PET,2,3,3,0,4,100,1,2,2,3,4,100,0
PET,2,3,3,0,4,100,1,2,2,3,4,100,0
PET,2,3,3,0,4,100,1,2,2,3,4,100,0
PET,2,3,3,0,4,100,1,2,2,3,4,100,0
PET,2,3,3,0,4,100,1,2,2,3,4,100,0
PET,2,3,3,0,4,100,1,2,2,3,4,100,0
PET,2,3,3,0,4,100,1,2,2,3,4,100,0
PET,2,3,3,0,4,100,1,2,2,3,4,100,0
PET,2,3,3,0,4,100,1,2,2,3,4,100,0
PET,2,3,3,0,4,100,1,2,2,3,4,100,0
PET,2,3,3,0,4,100,1,2,2,3,4,100,0
PET,2,3,3,0,4,100,1,2,2,3,4,100,0
PET,2,3,3,0,4,100,1,2,2,3,4,100,0
PET,2,3,3,0,4,100,1,2,2,3,4,100,0
PET,2,3,3,0,4,100,1,2,2,3,4,100,0
PET,2,3,3,0,4,100,1,2,2,3,4,100,0
PET,2,3,3,0,4,100,1,2,2,3,4,100,0
PET,2,3,3,0,4,100,1,2,2,3,4,100,0
PET,2,3,3,0,4,100,1,2,2,3,4,100,0
PET,2,3,3,0,4,100,1,2,2,3,4,100,0
PET,2,3,3,0,4,100,1,2,2,3,4,100,0
PET,2,3,3,0,4,100,1,2,2,3,4,100,0
PET,2,3,3,0,4,100,1,2,2,3,4,100,0
PET,2,3,3,0,4,100,1,2,2,3,4,100,0
PET,2,3,3,0,4,100,1,2,2,3,4,100,0
PET,2,3,3,0,4,100,1,2,2,3,4,100,0
PET,2,3,3,0,4,100,1,2,2,3,4,100,0
PET,2,3,3,0,4,100,1,2,2,3,4,100,0
PET,2,3,3,0,4,100,1,2,2,3,4,100,0
PET,2,3,3,0,4,100,1,2,2,3,4,100,0
PET,2,3,3,0,4,100,1,2,2,3,4,100,0
PET,2,3,3,0,4,100,1,2,2,3,4,100,0
PET,2,3,3,0,4,100,1,2,2,3,4,100,0
PET,2,3,3,0,4,100,1,2,2,3,4,100,0
PET,2,3,3,0,4,100,1,2,2,3,4,100,0
PET,2,3,3,0,4,100,1,2,2,3,4,100,0
PET,2,3,3,0,4,100,1,2,2,3,4,100,0
PET,2,3,3,0,4,100,1,2,2,3,4,100,0
PET,2,3,3,0,4,100,1,2,2,3,4,100,0
PET,2,3,3,0,4,100,1,2,2,3,4,100,0
PET,2,3,3,0,4,100,1,2,2,3,4,100,0
PET,2,3,3,0,4,100,1,2,2,3,4,100,0
PET,2,3,3,0,4,100,1,2,2,3,4,100,0
PET,2,3,3,0,4,100,1,2,2,3,4,100,0
PET,2,3,3,0,4,100,1,2,2,3,4,100,0
PET,2,3,3,0,4,100,1,2,2,3,4,99,0
PET,2,3,3,0,4,100,1,2,2,3,4,100,0
PET,2,4,3,0,4,100,1,1,3,2,4,100,0
PET,2,4,3,0,4,100,1,1,3,2,4,100,0
PET,2,4,3,0,4,100,1,1,3,2,4,100,0
PET,2,4,3,0,4,100,1,1,3,2,4,100,0
PET,2,4,3,0,4,100,1,1,3,2,4,100,0
PET,2,4,3,0,4,100,1,1,3,2,4,100,0
PET,2,4,3,0,4,100,1,1,3,2,4,100,0
PET,2,4,3,0,4,100,1,1,3,2,4,100,0
PET,2,4,3,0,4,100,1,1,3,2,4,100,0
PET,2,4,3,0,4,100,1,1,3,2,4,100,0
PET,2,4,3,0,4,100,1,1,3,2,4,100,0
PET,2,4,3,0,4,100,1,1,3,2,4,100,0
PET,2,4,3,0,4,100,1,1,3,2,4,100,0
PET,2,4,3,0,4,100,1,1,3,2,4,100,0
PET,2,4,3,0,4,100,1,1,3,2,4,100,0
PET,2,4,3,0,4,100,1,1,3,2,4,100,0
PET,2,4,3,0,4,100,1,1,3,2,4,100,0
PET,2,4,3,0,4,100,1,1,3,2,4,100,0
PET,2,4,3,0,4,100,1,1,3,2,4,100,0
PET,2,4,3,0,4,100,1,1,3,2,4,100,0
PET,2,4,3,0,4,100,1,1,3,2,4,100,0
PET,2,4,3,0,4,100,1,1,3,2,4,100,0
PET,2,4,3,0,4,100,1,1,3,2,4,100,0
PET,2,4,3,0,4,100,1,1,3,2,4,100,0
PET,2,4,3,0,4,100,1,1,3,2,4,100,0
PET,2,4,3,0,4,100,1,1,3,2,4,100,0
PET,2,4,3,0,4,100,1,1,3,2,4,100,0
PET,2,4,3,0,4,100,1,1,3,2,4,100,0
PET,2,4,3,0,4,100,1,1,3,2,4,100,0
PET,2,4,3,0,4,100,1,1,3,2,4,100,0
PET,2,4,3,0,4,100,1,1,3,2,4,100,0
PET,2,4,3,0,4,100,1,1,3,2,4,100,0
PET,2,4,3,0,4,100,1,1,3,2,4,100,0
PET,2,4,3,0,4,100,1,1,3,2,4,100,0
PET,2,4,3,0,4,100,1,1,3,2,4,100,0
PET,2,4,3,0,4,100,1,1,3,2,4,100,0
PET,2,4,3,0,4,100,1,1,3,2,4,100,0
PET,2,4,3,0,4,100,1,1,3,2,4,100,0
PET,2,4,3,0,4,100,1,1,3,2,4,100,0
PET,2,4,3,0,4,100,1,1,3,2,4,100,0
PET,2,4,3,0,4,100,1,1,3,2,4,100,0
PET,2,4,3,0,4,100,1,1,3,2,4,100,0
PET,2,4,3,0,4,100,1,1,3,2,4,100,0
PET,2,4,3,0,4,100,1,1,3,2,4,100,0
PET,2,4,3,0,4,100,1,1,3,2,4,100,0
PET,2,4,3,0,4,100,1,1,3,2,4,100,0
PET,2,4,3,0,4,100,1,1,3,2,4,100,0
PET,2,4,3,0,4,100,1,1,3,2,4,100,0
PET,2,4,3,0,4,100,1,1,3,2,4,100,0
PET,2,4,3,0,4,100,1,1,3,2,4,100,0
PET,2,4,3,0,4,100,1,1,3,2,4,100,0
PET,2,4,3,0,4,100,1,1,3,2,4,100,0
PET,2,4,3,0,4,100,1,1,3,2,4,100,0
PET,2,4,3,0,4,100,1,1,3,2,4,100,0
PET,2,4,3,0,4,100,1,1,3,2,4,100,0
PET,2,4,3,0,4,100,1,1,3,2,4,100,0
PET,2,4,3,0,4,100,1,1,3,2,4,100,0
PET,2,4,3,0,4,100,1,1,3,2,4,100,0
PET,2,4,3,0,4,100,1,1,3,2,4,100,0
PET,2,4,3,0,4,100,1,1,3,2,4,100,0
PET,2,4,3,0,4,100,1,1,3,2,4,100,0
PET,2,4,3,0,4,100,1,1,3,2,4,100,0
PET,2,4,3,0,4,100,1,1,3,2,4,100,0
PET,2,4,3,0,4,100,1,1,3,2,4,100,0
PET,2,4,3,0,4,100,1,1,3,2,4,100,0
PET,2,4,3,0,4,100,1,1,3,2,4,100,0
PET,2,4,3,0,4,100,1,1,3,2,4,100,0
PET,2,4,3,0,4,100,1,1,3,2,4,100,0
PET,2,4,3,0,4,100,1,1,3,2,4,100,0
PET,2,4,3,0,4,100,1,1,3,2,4,100,0
PET,2,4,3,0,4,100,1,1,3,2,4,100,0
PET,2,4,3,0,4,100,1,1,3,2,4,100,0
PET,2,4,3,0,4,100,1,1,3,2,4,100,0
PET,2,4,3,0,4,100,1,1,3,2,4,100,0
PET,2,4,3,0,4,100,1,1,3,2,4,100,0
PET,2,4,3,0,4,100,1,1,3,2,4,100,0
PET,2,4,3,0,4,100,1,1,3,2,4,100,0
PET,2,4,3,0,4,100,1,1,3,2,4,100,0
PET,2,4,3,0,4,100,1,1,3,2,4,100,0
PET,2,4,3,0,4,100,1,1,3,2,4,100,0
PET,2,4,3,0,4,100,1,1,3,2,4,100,0
PET,2,4,3,0,4,100,1,1,3,2,4,100,0
PET,2,4,3,0,4,100,1,1,3,2,4,100,0
PET,2,4,3,0,4,100,1,1,3,2,4,100,0
PET,2,4,3,0,4,100,1,1,3,2,4,100,0
PET,2,4,3,0,4,100,1,1,3,2,4,100,0
PET,2,4,3,0,4,100,1,1,3,2,4,100,0
PET,2,4,3,0,4,100,1,1,3,2,4,100,0
PET,2,4,3,0,4,100,1,1,3,2,4,100,0
PET,2,4,3,0,4,100,1,1,3,2,4,100,0
PET,2,4,3,0,4,100,1,1,3,2,4,100,0
PET,2,4,3,0,4,100,1,1,3,2,4,100,0
PET,2,4,3,0,4,100,1,1,3,2,4,100,0
PET,2,4,3,0,4,100,1,1,3,2,4,100,0
PET,2,4,3,0,4,100,1,1,3,2,4,100,0
PET,2,4,3,0,4,100,1,1,3,2,4,100,0
PET,2,4,3,0,4,100,1,1,3,2,4,100,0
PET,2,4,3,0,4,100,1,1,3,2,4,100,0
PET,2,4,3,0,4,100,1,1,3,2,4,100,0
PET,2,4,3,0,4,100,1,1,3,2,4,100,0
PET,2,4,3,0,4,100,1,1,3,2,4,100,0
PET,2,4,3,0,4,100,1,1,3,2,4,100,0
PET,2,4,3,0,4,100,1,1,3,2,4,100,0
PET,2,4,3,0,4,100,1,1,3,2,4,100,0
PET,2,4,3,0,4,100,1,1,3,2,4,100,0
PET,2,4,3,0,4,100,1,1,3,2,4,100,0
PET,2,4,3,0,4,100,1,1,3,2,4,100,0
PET,2,4,3,0,4,100,1,1,3,2,4,100,0
PET,2,4,3,0,4,100,1,1,3,2,4,100,0
PET,2,4,3,0,4,100,1,1,3,2,4,100,0
PET,2,4,3,0,4,100,1,1,3,2,4,100,0
PET,2,4,3,0,4,100,1,1,3,2,4,100,0
PET,2,4,3,0,4,100,1,1,3,2,4,100,0
PET,2,4,3,0,4,100,1,1,3,2,4,100,0
PET,2,4,3,0,4,100,1,1,3,2,4,100,0
PET,2,4,3,0,4,100,1,1,3,2,4,100,0
PET,2,4,3,0,4,100,1,1,3,2,4,100,0
PET,2,4,3,0,4,100,1,1,3,2,4,100,0
PET,2,4,3,0,4,100,1,1,3,2,4,100,0
PET,2,4,3,0,4,100,1,1,3,2,4,100,0
PET,2,4,3,0,4,100,1,1,3,2,4,100,0
PET,2,4,3,0,4,100,1,1,3,2,4,100,0
PET,2,4,3,0,4,100,1,1,3,2,4,100,0
PET,2,4,3,0,4,100,1,1,3,2,4,100,0
PET,2,4,3,0,4,100,1,1,3,2,4,100,0
PET,2,4,3,0,4,100,1,1,3,2,4,100,0
PET,2,4,3,0,4,100,1,1,3,2,4,100,0
PET,2,4,3,0,4,100,1,1,3,2,4,100,0
PET,2,4,3,0,4,100,1,1,3,2,4,100,0
PET,2,4,3,0,4,100,1,1,3,2,4,100,0
PET,2,4,3,0,4,100,1,1,3,2,4,100,0
PET,2,4,3,0,4,100,1,1,3,2,4,100,0
PET,2,4,3,0,4,100,1,1,3,2,4,100,0
PET,2,4,3,0,4,100,1,1,3,2,4,100,0
PET,2,4,3,0,4,100,1,1,3,2,4,100,0
PET,2,4,3,0,4,100,1,1,3,2,4,100,0
PET,2,4,3,0,4,100,1,1,3,2,4,100,0
PET,2,4,3,0,4,100,1,1,3,2,4,100,0
PET,2,4,3,0,4,100,1,1,3,2,4,100,0
PET,2,4,3,0,4,100,1,1,3,2,4,100,0
PET,2,4,3,0,4,100,1,1,3,2,4,100,0
PET,2,4,3,0,4,100,1,1,3,2,4,100,0
PET,2,4,3,0,4,100,1,1,3,2,4,100,0
PET,2,4,3,0,4,100,1,1,3,2,4,100,0
PET,2,4,3,0,4,100,1,1,3,2,4,100,0
PET,2,4,3,0,4,100,1,1,3,2,4,100,0
PET,2,4,3,0,4,100,1,1,3,2,4,100,0
PET,2,4,3,0,4,100,1,1,3,2,4,100,0
PET,2,4,3,0,4,100,1,1,3,2,4,100,0
PET,2,4,3,0,4,100,1,1,3,2,4,100,0
PET,2,4,3,0,4,100,1,1,3,2,4,100,0
PET,2,4,3,0,4,100,1,1,3,2,4,100,0
PET,2,4,3,0,4,100,1,1,3,2,4,100,0
PET,2,4,3,0,4,100,1,1,3,2,4,100,0
PET,2,4,3,0,4,100,1,1,3,2,4,100,0
PET,2,4,3,0,4,100,1,1,3,2,4,100,0
PET,2,4,3,0,4,100,1,1,3,2,4,100,0
PET,2,4,3,0,4,100,1,1,3,2,4,100,0
PET,2,4,3,0,4,100,1,1,3,2,4,100,0
PET,2,4,3,0,4,100,1,1,3,2,4,100,0
PET,2,4,3,0,4,100,1,1,3,2,4,100,0
PET,2,4,3,0,4,100,1,1,3,2,4,100,0
PET,2,4,3,0,4,100,1,1,3,2,4,100,0
PET,2,4,3,0,4,100,1,1,3,2,4,100,0
PET,2,4,3,0,4,100,1,1,3,2,4,100,0
PET,2,4,3,0,4,100,1,1,3,2,4,100,0
PET,2,4,3,0,4,100,1,1,3,2,4,100,0
PET,2,4,3,0,4,100,1,1,3,2,4,100,0
PET,2,4,3,0,4,100,1,1,3,2,4,100,0
PET,2,4,3,0,4,100,1,1,3,2,4,100,0
PET,2,4,3,0,4,100,1,1,3,2,4,100,0
PET,2,4,3,0,4,100,1,1,3,2,4,100,0
PET,2,4,3,0,4,100,1,1,3,2,4,100,0
PET,2,4,3,0,4,100,1,1,3,2,4,100,0
PET,2,4,3,0,4,100,1,1,3,2,4,100,0
PET,2,4,3,0,4,100,1,1,3,2,4,100,0
PET,2,4,3,0,4,100,1,1,3,2,4,100,0
PET,2,4,3,0,4,100,1,1,3,2,4,100,0
PET,2,4,3,0,4,100,1,1,3,2,4,100,0
PET,2,4,3,0,4,100,1,1,3,2,4,100,0
PET,2,4,3,0,4,100,1,1,3,2,4,100,0
PET,2,4,3,0,4,100,1,1,3,2,4,100,0
PET,2,4,3,0,4,100,1,1,3,2,4,100,0
PET,2,4,3,0,4,100,1,1,3,2,4,100,0
PET,2,4,3,0,4,100,1,1,3,2,4,100,0
PET,2,4,3,0,4,100,1,1,3,2,4,100,0
PET,2,4,3,0,4,100,1,1,3,2,4,100,0
PET,2,4,3,0,4,100,1,1,3,2,4,100,0
PET,2,4,3,0,4,100,1,1,3,2,4,100,0
PET,2,4,3,0,4,100,1,1,3,2,4,100,0
PET,2,4,3,0,4,100,1,1,3,2,4,100,0
PET,2,4,3,0,4,100,1,1,3,2,4,100,0
PET,2,4,3,0,4,100,1,1,3,2,4,100,0
PET,2,4,3,0,4,100,1,1,3,2,4,100,0
PET,2,4,3,0,4,100,1,1,3,2,4,100,0
PET,2,4,3,0,4,100,1,1,3,2,4,100,0
PET,2,4,3,0,4,100,1,1,3,2,4,100,0
PET,2,4,3,0,4,100,1,1,3,2,4,100,0
PET,2,4,3,0,4,100,1,1,3,2,4,100,0
PET,2,4,3,0,4,100,1,1,3,2,4,100,0
PET,2,4,3,0,4,100,1,1,3,2,4,100,0
PET,2,4,3,0,4,100,1,1,3,2,4,100,0
PET,2,4,3,0,4,100,1,1,3,2,4,100,0
PET,2,4,3,0,4,100,1,1,3,2,4,100,0
PET,2,4,3,0,4,100,1,1,3,2,4,100,0
PET,2,4,3,0,4,100,1,1,3,2,4,100,0
PET,2,4,3,0,4,100,1,1,3,2,4,100,0
PP,1,3,3,0,3,100,1,1,2,3,3,100,0
PP,1,3,3,0,3,100,1,1,2,3,3,100,0
PP,1,3,3,0,3,100,1,1,2,3,3,100,0
PP,1,3,3,0,3,100,1,1,2,3,3,100,0
PP,1,3,3,0,3,100,1,1,2,3,3,100,0
PP,1,3,3,0,3,100,1,1,2,3,3,100,0
PP,1,3,3,0,3,100,1,1,2,3,3,100,0
PP,1,3,3,0,3,100,1,1,2,3,3,100,0
PP,1,3,3,0,3,100,1,1,2,3,3,100,0
PP,1,3,3,0,3,100,1,1,2,3,3,100,0
PP,1,3,3,0,3,100,1,1,2,3,3,100,0
PP,1,3,3,0,3,100,1,1,2,3,3,100,0
PP,1,3,3,0,3,100,1,1,2,3,3,100,0
PP,1,3,3,0,3,100,1,1,2,3,3,100,0
PP,1,3,3,0,3,100,1,1,2,3,4,100,0
PP,1,3,3,0,4,100,1,1,2,3,4,100,0
PP,1,3,3,0,3,100,1,1,2,3,4,100,0
PP,1,3,3,0,3,100,1,1,2,3,4,100,0
PP,1,3,3,0,3,100,1,1,2,3,4,100,0
PP,1,3,3,0,3,100,1,1,2,3,3,100,0
PP,1,3,3,0,3,100,1,1,2,3,3,100,0
PP,1,3,3,0,3,100,1,1,2,3,3,100,0
PP,1,3,3,0,3,100,1,1,2,3,3,100,0
PP,1,3,3,0,3,100,1,1,2,3,3,100,0
PP,1,3,3,0,3,100,1,1,2,3,3,100,0
PP,1,3,3,0,3,100,1,1,2,3,3,100,0
PP,1,3,3,0,3,100,1,1,2,3,3,100,0
PP,1,3,3,0,3,100,1,1,2,3,3,100,0
PP,1,3,3,0,3,100,1,1,2,3,3,100,0
PP,1,3,3,0,3,100,1,1,2,3,3,100,0
PP,1,3,3,0,3,100,1,1,2,3,3,100,0
PP,1,3,3,0,3,100,1,1,2,3,3,100,0
PP,1,3,3,0,3,100,1,1,2,3,3,100,0
PP,1,3,3,0,3,100,1,1,2,3,3,100,0
PP,1,3,3,0,3,100,1,1,2,3,3,100,0
PP,1,3,3,0,3,100,1,1,2,3,3,100,0
PP,1,3,3,0,3,100,1,1,2,3,3,100,0
PP,1,3,3,0,3,100,1,1,2,3,3,100,0
PP,1,3,3,0,3,100,1,1,2,3,3,100,0
PP,1,3,3,0,3,100,1,1,2,3,3,100,0
PP,1,3,3,0,3,100,1,1,2,3,3,100,0
PP,1,3,3,0,3,100,1,1,2,3,3,100,0
PP,1,3,3,0,3,100,1,1,2,3,3,100,0
PP,1,3,3,0,3,100,1,1,2,3,3,100,0
PP,1,3,3,0,3,100,1,1,2,3,3,100,0
PP,1,3,3,0,3,100,1,1,2,3,3,100,0
PP,1,3,3,0,3,100,1,1,2,3,3,100,0
PP,1,3,3,0,3,100,1,1,2,3,3,100,0
PP,1,3,3,0,3,100,1,1,2,3,3,100,0
PP,1,3,3,0,3,100,1,1,2,3,3,100,0
PP,1,3,3,0,3,100,1,1,2,3,3,100,0
PP,1,3,3,0,3,100,1,1,2,3,3,100,0
PP,1,3,3,0,3,100,1,1,2,3,3,100,0
PP,1,3,3,0,3,100,1,1,2,3,3,100,0
PP,1,3,3,0,3,100,1,1,2,3,3,100,0
PP,1,3,3,0,3,100,1,1,2,3,3,100,0
PP,1,3,3,0,3,100,1,1,2,3,3,100,0
PP,1,3,3,0,3,100,1,1,2,3,3,100,0
PP,1,3,3,0,3,100,1,1,2,3,3,100,0
PP,1,3,3,0,3,100,1,1,2,3,3,100,0
PP,1,3,3,0,3,100,1,1,2,3,3,100,0
PP,1,3,3,0,3,100,1,1,2,3,3,100,0
PP,1,3,3,0,3,100,1,1,2,3,3,100,0
PP,1,3,3,0,3,100,1,1,2,3,3,100,0
PP,1,3,3,0,3,100,1,1,2,3,3,100,0
PP,1,3,3,0,3,100,1,1,2,3,3,100,0
PP,1,3,3,0,3,100,1,1,2,3,3,100,0
PP,1,3,3,0,3,100,1,1,2,3,3,100,0
PP,1,3,3,0,3,100,1,1,2,3,3,100,0
PP,1,3,3,0,3,100,1,1,2,3,3,100,0
PP,1,3,3,0,3,100,1,1,2,3,3,100,0
PP,1,3,3,0,3,100,1,1,2,3,3,100,0
PP,1,3,3,0,3,100,1,1,2,3,3,100,0
PP,1,3,3,0,3,100,1,1,2,3,3,100,0
PP,1,3,3,0,3,100,1,1,2,3,3,100,0
PP,1,3,3,0,3,100,1,1,2,3,3,100,0
PP,1,3,3,0,3,100,1,1,2,3,3,100,0
PP,1,3,3,0,3,100,1,1,2,3,3,100,0
PP,1,3,3,0,3,100,1,1,2,3,3,100,0
PP,1,3,3,0,3,100,1,1,2,3,3,100,0
PP,1,3,3,0,3,100,1,1,2,3,3,100,0
PP,1,3,3,0,3,100,1,1,2,3,3,100,0
PP,1,3,3,0,3,100,1,1,2,3,3,100,0
PP,1,3,3,0,3,100,1,1,2,3,3,100,0
PP,1,3,3,0,3,100,1,1,2,3,3,100,0
PP,1,3,3,0,3,100,1,1,2,3,3,100,0
PP,1,3,3,0,3,100,1,1,2,3,3,100,0
PP,1,3,3,0,3,100,1,1,2,3,3,100,0
PP,1,3,3,0,3,100,1,1,2,3,3,100,0
PP,1,3,3,0,3,100,1,1,2,3,3,100,0
PP,1,3,3,0,3,100,1,1,2,3,3,100,0
PP,1,3,3,0,3,100,1,1,2,3,3,100,0
PP,1,3,3,0,3,100,1,1,2,3,3,100,0
PP,1,3,3,0,3,100,1,1,2,3,3,100,0
PP,1,3,3,0,3,100,1,1,2,3,3,100,0
PP,1,3,3,0,3,100,1,1,2,3,3,100,0
PP,1,3,3,0,3,100,1,1,2,3,3,100,0
PP,1,3,3,0,3,100,1,1,2,3,3,100,0
PP,1,3,3,0,3,100,1,1,2,3,3,100,0
PP,1,3,3,0,3,100,1,1,2,3,3,100,0
PP,1,3,3,0,3,100,1,1,2,3,3,100,0
PP,1,3,3,0,3,100,1,1,2,3,3,100,0
PP,1,3,3,0,3,100,1,1,2,3,3,100,0
PP,1,3,3,0,3,100,1,1,2,3,3,100,0
PP,1,3,3,0,3,100,1,1,2,3,3,100,0
PP,1,3,3,0,3,100,1,1,2,3,3,100,0
PP,1,3,3,0,3,100,1,1,2,3,3,100,0
PP,1,3,3,0,3,100,1,1,2,3,3,100,0
PP,1,3,3,0,3,100,1,1,2,3,3,100,0
PP,1,3,3,0,3,100,1,1,2,3,3,100,0
PP,1,3,3,0,3,100,1,1,2,3,3,100,0
PP,1,3,3,0,3,100,1,1,2,3,3,100,0
PP,1,3,3,0,3,100,1,1,2,3,3,100,0
PP,1,3,3,0,3,100,1,1,1,3,3,100,0
PP,1,3,3,0,3,100,1,1,2,3,3,100,0
PP,1,3,3,0,3,100,1,1,2,3,3,100,0
PP,1,3,3,0,3,100,1,1,2,3,3,100,0
PP,1,3,3,0,3,100,1,1,2,3,3,100,0
PP,1,3,3,0,3,100,1,1,2,3,3,100,0
PP,1,3,3,0,3,100,1,1,2,3,3,100,0
PP,1,3,3,0,3,100,1,1,2,3,3,100,0
PP,1,3,3,0,3,100,1,1,2,3,3,100,0
PP,1,3,3,0,3,100,1,1,2,3,3,100,0
PP,1,3,3,0,3,100,1,1,2,3,3,100,0
PP,1,3,3,0,3,100,1,1,2,3,3,100,0
PP,1,3,3,0,3,100,1,1,2,3,3,100,0
PP,1,3,3,0,3,100,1,1,2,3,3,100,0
PP,1,3,3,0,3,100,1,1,2,3,3,100,0
PP,1,3,3,0,3,100,1,1,2,3,3,100,0
PP,1,3,3,0,3,100,1,1,2,3,3,100,0
PP,1,3,3,0,3,100,1,1,2,3,3,100,0
PP,1,3,3,0,3,100,1,1,2,3,3,100,0
PP,1,3,3,0,3,100,1,1,2,3,3,100,0
PP,1,3,3,0,3,100,1,1,2,3,3,100,0
PP,1,3,3,0,3,100,1,1,2,3,3,100,0
PP,1,3,3,0,3,100,1,1,2,3,3,100,0
PP,1,3,3,0,3,100,1,1,2,3,3,100,0
PP,1,3,3,0,3,100,1,1,2,3,3,100,0
PP,1,3,3,0,3,100,1,1,2,3,3,100,0
PP,1,3,3,0,3,100,1,1,2,3,3,100,0
PP,1,3,3,0,3,100,1,1,2,3,3,100,0
PP,1,3,3,0,3,100,1,1,2,3,3,100,0
PP,1,3,3,0,3,100,1,1,2,3,3,100,0
PP,1,3,3,0,3,100,1,1,2,3,3,100,0
PP,1,3,3,0,3,100,1,1,2,3,3,100,0
PP,1,3,3,0,3,100,1,1,2,3,3,100,0
PP,1,3,3,0,3,100,1,1,2,3,3,100,0
PP,1,3,3,0,3,100,1,1,2,3,3,100,0
PP,1,3,3,0,3,100,1,1,2,3,3,100,0
PP,1,3,3,0,3,100,1,1,2,3,3,100,0
PP,1,3,3,0,3,100,1,1,2,3,3,100,0
PP,1,3,3,0,3,100,1,1,2,3,3,100,0
PP,1,3,3,0,3,100,1,1,2,3,3,100,0
PP,1,3,3,0,3,100,1,1,2,3,3,100,0
PP,1,3,3,0,3,100,1,1,2,3,3,100,0
PP,1,3,3,0,3,100,1,1,2,3,3,100,0
PP,1,3,3,0,3,100,1,1,2,3,3,100,0
PP,1,3,3,0,3,100,1,1,2,3,3,100,0
PP,1,3,3,0,3,100,1,1,2,3,3,100,0
PP,1,3,3,0,3,100,1,1,2,3,3,100,0
PP,1,3,3,0,3,100,1,1,2,3,3,100,0
PP,1,3,3,0,3,100,1,1,2,3,3,100,0
PP,1,3,3,0,3,100,1,1,2,3,3,100,0
PP,1,3,3,0,3,100,1,1,2,3,3,100,0
PP,1,3,3,0,3,100,1,1,2,3,3,100,0
PP,1,3,3,0,3,100,1,1,2,3,3,100,0
PP,1,3,3,0,3,100,1,1,2,3,3,100,0
PP,1,3,3,0,3,100,1,1,2,3,3,100,0
PP,1,3,3,0,3,100,1,1,2,3,3,100,0
PP,1,3,3,0,3,100,1,1,2,3,3,100,0
PP,1,3,3,0,3,100,1,1,2,3,3,100,0
PP,1,3,3,0,3,100,1,1,2,3,3,100,0
PP,1,3,3,0,3,100,1,1,2,3,3,100,0
PP,1,3,3,0,3,100,1,1,2,3,3,100,0
PP,1,3,3,0,3,100,1,1,2,3,3,100,0
PP,1,3,3,0,3,100,1,1,2,3,3,100,0
PP,1,3,3,0,3,100,1,1,2,3,3,100,0
PP,1,3,3,0,3,100,1,1,2,3,3,100,0
PP,1,3,3,0,3,100,1,1,2,3,3,100,0
PP,1,3,3,0,3,100,1,1,2,3,3,100,0
PP,1,3,3,0,3,100,1,1,2,3,3,100,0
PP,1,3,3,0,3,100,1,1,2,3,3,100,0
PP,1,3,3,0,3,100,1,1,2,3,3,100,0
PP,1,3,3,0,3,100,1,1,2,3,3,100,0
PP,1,3,3,0,3,100,1,1,2,3,3,100,0
PP,1,3,3,0,3,100,1,1,2,3,3,100,0
PP,1,3,3,0,3,100,1,1,2,3,3,100,0
PP,1,3,3,0,3,100,1,1,2,3,3,100,0
PP,1,3,3,0,3,100,1,1,2,3,3,100,0
PP,1,3,3,0,3,100,1,1,2,3,3,100,0
PP,1,3,3,0,3,100,1,1,2,3,3,100,0
PP,1,3,3,0,3,100,1,1,2,3,3,100,0
PP,1,3,3,0,3,100,1,1,2,3,3,100,0
PP,1,3,3,0,3,100,1,1,2,3,3,100,0
PP,1,3,3,0,3,100,1,1,2,3,3,100,0
PP,1,3,3,0,3,100,1,1,2,3,3,100,0
PP,1,3,3,0,3,100,1,1,2,3,3,100,0
PP,1,3,3,0,3,100,1,1,2,3,3,100,0
PP,1,3,3,0,3,100,1,1,2,3,3,100,0
PP,1,3,3,0,3,100,1,1,2,3,3,100,0
PP,1,3,3,0,3,100,1,1,2,3,3,100,0
PP,1,3,3,0,3,100,1,1,2,3,3,100,0
PP,1,3,3,0,3,100,1,1,2,3,3,100,0
PP,1,3,3,0,3,100,1,1,2,3,3,100,0
PP,1,3,3,0,3,100,1,1,2,3,3,100,0
PET,2,4,3,0,4,100,1,2,2,2,4,100,0
PET,2,4,3,0,4,100,1,2,2,2,4,100,0
PET,2,4,3,0,4,100,1,2,2,2,4,100,0
PET,2,4,3,0,4,100,1,2,2,2,4,100,0
PET,2,4,3,0,4,100,1,2,2,2,4,100,0
PET,2,4,3,0,4,100,1,2,2,2,4,100,0
PET,2,4,3,0,4,100,1,2,2,2,4,100,0
PET,2,4,3,0,4,100,1,2,2,2,4,100,0
PET,2,4,3,0,4,100,1,2,2,2,4,100,0
PET,2,4,3,0,4,100,1,2,2,2,4,100,0
PET,2,4,3,0,4,100,1,2,2,2,4,100,0
PET,2,4,3,0,4,100,1,2,2,2,4,100,0
PET,2,4,3,0,4,100,1,2,2,2,4,100,0
PET,2,4,3,0,4,100,1,2,2,2,4,100,0
PET,2,4,3,0,4,100,1,2,2,2,4,100,0
PET,2,4,3,0,4,100,1,2,2,2,4,100,0
PET,2,4,3,0,4,100,1,2,2,2,4,100,0
PET,2,4,3,0,4,100,1,2,2,2,4,100,0
PET,2,4,3,0,4,100,1,2,2,2,4,100,0
PET,2,4,3,0,4,100,1,2,2,2,4,100,0
PET,2,4,3,0,4,100,1,2,2,2,4,100,0
PET,2,4,3,0,4,100,1,2,2,2,4,100,0
PET,2,4,3,0,4,100,1,2,2,2,4,100,0
PET,2,4,3,0,4,100,1,2,2,2,4,100,0
PET,2,4,3,0,4,100,1,2,2,2,4,100,0
PET,2,4,3,0,4,100,1,2,2,2,4,100,0
PET,2,4,3,0,4,100,1,2,2,2,4,100,0
PET,2,4,3,0,4,100,1,2,2,2,4,100,0
PET,2,4,3,0,4,100,1,2,2,2,4,100,0
PET,2,4,3,0,4,100,1,2,2,2,4,100,0
PET,2,4,3,0,4,100,1,2,2,2,4,100,0
PET,2,4,3,0,4,100,1,2,2,2,4,100,0
PET,2,4,3,0,4,100,1,2,2,2,4,100,0
PET,2,4,3,0,4,100,1,2,2,2,4,100,0
PET,2,4,3,0,4,100,1,2,2,2,4,100,0
PET,2,4,3,0,4,100,1,2,2,2,4,100,0
PET,2,4,3,0,4,100,1,2,2,2,4,100,0
PET,2,4,3,0,4,100,1,2,2,2,4,100,0
PET,2,4,3,0,4,100,1,2,2,2,4,100,0
PET,2,4,3,0,4,100,1,2,2,2,4,100,0
PET,2,4,3,0,4,100,1,2,2,2,4,100,0
PET,2,4,3,0,4,100,1,2,2,2,4,100,0
PET,2,4,3,0,4,100,1,2,2,2,4,100,0
PET,2,4,3,0,4,100,1,2,2,2,4,100,0
PET,2,4,3,0,4,100,1,2,2,2,4,100,0
PET,2,4,3,0,4,100,1,2,2,2,4,100,0
PET,2,4,3,0,4,100,1,2,2,2,4,100,0
PET,2,4,3,0,4,100,1,2,2,2,4,100,0
PET,2,4,3,0,4,100,1,2,2,2,4,100,0
PET,2,4,3,0,4,100,1,2,2,2,4,100,0
PET,2,4,3,0,4,100,1,2,2,2,4,100,0
PET,2,4,3,0,4,100,1,2,2,2,4,100,0
PET,2,4,3,0,4,100,1,2,2,2,4,100,0
PET,2,4,3,0,4,100,1,2,2,2,4,100,0
PET,2,4,3,0,4,100,1,1,2,2,4,100,0
PET,2,4,3,0,4,100,1,2,2,2,4,100,0
PET,2,4,3,0,4,100,1,2,2,2,4,100,0
PET,2,4,3,0,4,100,1,2,2,2,4,100,0
PET,2,4,3,0,4,100,1,2,2,2,4,100,0
PET,2,4,3,0,4,100,1,2,2,2,4,100,0
PET,2,4,3,0,4,100,1,2,2,2,4,100,0
PET,2,4,3,0,4,100,1,2,2,2,4,100,0
PET,2,4,3,0,4,100,1,2,2,2,4,100,0
PET,2,4,3,0,4,100,1,2,2,2,4,100,0
PET,2,4,3,0,4,100,1,2,2,2,4,100,0
PET,2,4,3,0,4,100,1,2,2,2,4,100,0
PET,2,4,3,0,4,100,1,2,2,2,4,100,0
PET,2,4,3,0,4,100,1,2,2,2,4,100,0
PET,2,4,3,0,4,100,1,2,2,2,4,100,0
PET,2,4,3,0,4,100,1,2,2,2,4,100,0
PET,2,4,3,0,4,100,1,2,2,2,4,100,0
PET,2,4,3,0,4,100,1,2,2,2,4,100,0
PET,2,4,3,0,4,100,1,2,2,2,4,100,0
PET,2,4,3,0,4,100,1,2,2,2,4,100,0
PET,2,4,3,0,4,100,1,2,2,2,4,100,0
PET,2,4,3,0,4,100,1,2,2,2,4,100,0
PET,2,4,3,0,4,100,1,2,2,2,4,100,0
PET,2,4,3,0,4,100,1,2,2,2,4,100,0
PET,2,4,3,0,4,100,1,2,2,2,4,100,0
PET,2,4,3,0,4,100,1,2,2,2,4,100,0
PET,2,4,3,0,4,100,1,2,2,2,4,100,0
PET,2,4,3,0,4,100,1,2,2,2,4,100,0
PET,2,4,3,0,4,100,1,2,2,2,4,100,0
PET,2,4,3,0,4,100,1,2,2,2,4,100,0
PET,2,4,3,0,4,100,1,2,2,2,4,100,0
PET,2,4,3,0,4,100,1,2,2,2,4,100,0
PET,2,4,3,0,4,100,1,2,2,2,4,100,0
PET,2,4,3,0,4,100,1,2,2,2,4,100,0
PET,2,4,3,0,4,100,1,2,2,2,4,100,0
PET,2,4,3,0,4,100,1,2,2,2,4,100,0
PET,2,4,3,0,4,100,1,2,2,2,4,100,0
PET,2,4,3,0,4,100,1,2,2,2,4,100,0
PET,2,4,3,0,4,100,1,2,2,2,4,100,0
PET,2,4,3,0,4,100,1,2,2,2,4,100,0
PET,2,4,3,0,4,100,1,2,2,2,4,100,0
PET,2,4,3,0,4,100,1,2,2,2,4,100,0
PET,2,4,3,0,4,100,1,2,2,2,4,100,0
PET,2,4,3,0,4,100,1,2,2,2,4,100,0
PET,2,4,3,0,4,100,1,2,2,2,4,100,0
PET,2,4,3,0,4,100,1,2,2,2,4,100,0
PET,2,4,3,0,4,100,1,2,2,2,4,100,0
PET,2,4,3,0,4,100,1,2,2,2,4,100,0
PET,2,4,3,0,4,100,1,2,2,2,4,100,0
PET,2,4,3,0,4,100,1,2,2,2,4,100,0
PET,2,4,3,0,4,100,1,2,2,2,4,100,0
PET,2,4,3,0,4,100,1,2,2,2,4,100,0
PET,2,4,3,0,4,100,1,2,2,2,4,100,0
PET,2,4,3,0,4,100,1,2,2,2,4,100,0
PET,2,4,3,0,4,100,1,2,2,2,4,100,0
PET,2,4,3,0,4,100,1,2,2,2,4,100,0
PET,2,4,3,0,4,100,1,2,2,2,4,100,0
PET,2,4,3,0,4,100,1,2,2,2,4,100,0
PET,2,4,3,0,4,100,1,2,2,2,4,100,0
PET,2,4,3,0,4,100,1,2,2,2,4,100,0
PET,2,4,3,0,4,100,1,2,2,2,4,100,0
PET,2,4,3,0,4,100,1,2,2,2,4,100,0
PET,2,4,3,0,4,100,1,2,2,2,4,100,0
PET,2,4,3,0,4,100,1,2,2,2,4,100,0
PET,2,4,3,0,4,100,1,2,2,2,4,100,0
PET,2,4,3,0,4,100,1,2,2,2,4,100,0
PET,2,4,3,0,4,100,1,2,2,2,4,100,0
PET,2,4,3,0,4,100,1,2,2,2,4,100,0
PET,2,4,3,0,4,100,1,2,2,2,4,100,0
PET,2,4,3,0,4,100,1,2,2,2,4,100,0
PET,2,4,3,0,4,100,1,2,2,2,4,100,0
PET,2,4,3,0,4,100,1,2,2,2,4,100,0
PET,2,4,3,0,4,100,1,2,2,2,4,100,0
PET,2,4,3,0,4,100,1,2,2,2,4,100,0
PET,2,4,3,0,4,100,1,2,2,2,4,100,0
PET,2,4,3,0,4,100,1,2,2,2,4,100,0
PET,2,4,3,0,4,100,1,2,2,2,4,100,0
PET,2,4,3,0,4,100,1,2,2,2,4,100,0
PET,2,4,3,0,4,100,1,2,2,2,4,100,0
PET,0,0,0,0,0,0,0,0,0,0,0,0,0
PET,0,0,0,0,0,0,0,0,0,0,0,0,0
PET,0,0,0,0,0,0,0,0,0,0,0,0,0
PET,2,4,3,0,4,100,1,2,2,2,4,100,0
PET,2,4,3,0,4,100,1,2,2,2,4,100,0
PET,2,4,3,0,4,100,1,2,2,2,4,100,0
PET,2,4,3,0,4,100,1,2,2,2,4,100,0
PET,2,4,3,0,4,100,1,2,2,2,4,100,0
PET,2,4,3,0,4,100,1,2,2,2,4,100,0
PET,2,4,3,0,4,100,1,2,2,2,4,100,0
PET,2,4,3,0,4,100,1,2,2,2,4,100,0
PET,2,4,3,0,4,100,1,2,2,2,4,100,0
PET,2,4,3,0,4,100,1,2,2,2,4,100,0
PET,2,4,3,0,4,100,1,2,2,2,4,100,0
PET,2,4,3,0,4,100,1,2,2,2,4,100,0
PET,2,4,3,0,4,100,1,2,2,2,4,100,0
PET,2,4,3,0,4,100,1,2,2,2,4,100,0
PET,2,4,3,0,4,100,1,2,2,2,4,100,0
PET,2,4,3,0,4,100,1,2,2,2,4,100,0
PET,2,4,3,0,4,100,1,2,2,2,4,100,0
PET,2,4,3,0,4,100,1,2,2,2,4,100,0
PET,2,4,3,0,4,100,1,2,2,2,4,100,0
PET,2,4,3,0,4,100,1,2,2,2,4,100,0
PET,2,4,3,0,4,100,1,2,2,2,4,100,0
PET,2,4,3,0,4,100,1,2,2,2,4,100,0
PET,2,4,3,0,4,100,1,2,2,2,4,100,0
PET,2,4,3,0,4,100,1,2,2,2,4,100,0
PET,2,4,3,0,4,100,1,2,2,2,4,100,0
PET,2,4,3,0,4,100,1,2,2,2,4,100,0
PET,2,4,3,0,4,100,1,2,2,2,4,100,0
PET,2,4,3,0,4,100,1,2,2,2,4,100,0
PET,2,4,3,0,4,100,1,2,2,2,4,100,0
PET,2,4,3,0,4,100,1,2,2,2,4,100,0
PET,2,4,3,0,4,100,1,2,2,2,4,100,0
PET,2,4,3,0,4,100,1,2,2,2,4,100,0
PET,2,4,3,0,4,100,1,2,2,2,4,100,0
PET,2,4,3,0,4,100,1,2,2,2,4,100,0
PET,2,4,3,0,4,100,1,2,2,2,4,100,0
PET,2,4,3,0,4,100,1,2,2,2,4,100,0
PET,2,4,3,0,4,100,1,2,2,2,4,100,0
PET,2,4,3,0,4,100,1,2,2,2,4,100,0
PET,2,4,3,0,4,100,1,2,2,2,4,100,0
PET,2,4,3,0,4,100,1,2,2,2,4,100,0
PET,2,4,3,0,4,100,1,2,2,2,4,100,0
PET,2,4,3,0,4,100,1,2,2,2,4,100,0
PET,2,4,3,0,4,100,1,2,2,2,4,100,0
PET,2,4,3,0,4,100,1,2,2,2,4,100,0
PET,2,4,3,0,4,100,1,2,2,2,4,100,0
PET,2,4,3,0,4,100,1,2,2,2,4,100,0
PET,2,4,3,0,4,100,1,2,2,2,4,100,0
PET,2,4,3,0,4,100,1,2,2,2,4,100,0
PET,2,4,3,0,4,100,1,2,2,2,4,100,0
PET,2,4,3,0,4,100,1,2,2,2,4,100,0
PET,2,4,3,0,4,100,1,2,2,2,4,100,0
PET,2,4,3,0,4,100,1,2,2,2,4,100,0
PET,2,4,3,0,4,100,1,2,2,2,4,100,0
PET,2,4,3,0,4,100,1,2,2,2,4,100,0
PET,2,4,3,0,4,100,1,2,2,2,4,100,0
PET,2,4,3,0,4,100,1,2,2,2,4,100,0
PET,2,4,3,0,4,100,1,2,2,2,4,100,0
PET,2,4,3,0,4,100,1,2,2,2,4,100,0
PET,2,4,3,0,4,100,1,2,2,2,4,100,0
PET,2,4,3,0,4,100,1,2,2,2,4,100,0
PET,2,4,3,0,4,100,1,2,2,2,4,100,0
PET,2,4,3,0,4,100,1,2,2,2,4,100,0
PET,2,4,3,0,4,100,1,2,2,2,4,100,0
PET,2,4,3,0,4,100,1,2,2,2,4,100,0
PET,2,4,3,0,4,100,1,2,2,2,4,100,0
PET,2,4,3,0,4,100,1,2,2,2,4,100,0
PET,2,4,3,0,4,100,1,2,2,2,4,100,0
PET,2,4,3,0,4,100,1,2,2,2,4,100,0
PET,2,4,3,0,4,100,1,2,2,2,4,100,0
PET,2,4,3,0,4,100,1,2,2,2,4,100,0
PET,2,4,3,0,4,100,1,2,2,2,4,100,0
PET,2,4,3,0,4,100,1,2,2,2,4,100,0
PP,5,4,3,0,5,100,2,3,4,2,5,100,0
PP,5,4,3,0,5,100,2,3,4,2,5,100,0
PP,5,4,3,0,5,100,2,3,4,2,5,100,0
PP,5,4,3,0,5,100,2,3,4,2,5,100,0
PP,5,4,3,0,5,100,2,3,4,2,5,100,0
PP,5,4,3,0,5,100,2,3,4,2,5,100,0
PP,5,4,3,0,5,100,2,3,4,2,5,100,0
PP,5,4,3,0,5,100,2,3,4,2,5,100,0
PP,5,4,3,0,5,100,2,3,4,2,5,100,0
PP,5,4,3,0,5,100,2,3,4,2,5,100,0
PP,5,4,3,0,5,100,2,3,4,2,5,100,0
PP,5,4,3,0,5,100,2,3,4,2,5,100,0
PP,5,4,3,0,5,100,2,3,4,2,5,100,0
PP,5,4,3,0,5,100,2,3,4,2,5,100,0
PP,5,4,3,0,5,100,2,3,4,2,5,100,0
PP,5,4,3,0,5,100,2,3,4,2,5,100,0
PP,5,4,3,0,5,100,2,3,4,2,5,100,0
PP,5,4,3,0,5,100,2,3,4,2,5,100,0
PP,5,4,3,0,5,100,2,3,4,2,5,100,0
PP,5,4,3,0,5,100,2,3,4,2,5,100,0
PP,5,4,3,0,5,100,2,3,4,2,5,100,0
PP,5,4,3,0,5,100,2,3,4,2,5,100,0
PP,5,4,3,0,5,100,2,3,4,2,5,100,0
PP,5,4,3,0,5,100,2,3,4,2,5,100,0
PP,5,4,3,0,5,100,2,3,4,2,5,100,0
PP,5,4,3,0,5,100,2,3,4,2,5,100,0
PP,5,4,3,0,5,100,2,3,4,2,5,100,0
PP,5,4,3,0,5,100,2,3,4,2,5,100,0
PP,5,4,3,0,5,100,2,3,4,2,5,100,0
PP,5,4,3,0,5,100,2,3,4,2,5,100,0
PP,5,4,3,0,5,100,2,3,4,2,5,100,0
PP,5,4,3,0,5,100,2,3,4,2,5,100,0
PP,5,4,3,0,5,100,2,3,4,2,5,100,0
PP,5,4,3,0,5,100,2,3,4,2,5,100,0
PP,5,4,3,0,5,100,2,3,4,2,5,100,0
PP,5,4,3,0,5,100,2,3,4,2,5,100,0
PP,5,4,3,0,5,100,2,3,4,2,5,100,0
PP,5,4,3,0,5,100,2,3,4,2,5,100,0
PP,5,4,3,0,5,100,2,3,4,2,5,100,0
PP,5,4,3,0,5,100,2,3,4,2,5,100,0
PP,5,4,3,0,5,100,2,3,4,2,5,100,0
PP,5,4,3,0,5,100,2,3,4,2,5,100,0
PP,5,4,3,0,5,100,2,3,4,2,5,100,0
PP,5,4,3,0,5,100,2,3,4,2,5,100,0
PP,5,4,3,0,5,100,2,3,4,2,5,100,0
PP,5,4,3,0,5,100,2,3,4,2,5,100,0
PP,5,4,3,0,5,100,2,3,4,2,5,100,0
PP,5,4,3,0,5,100,2,3,4,2,5,100,0
PP,5,4,3,0,5,100,2,3,4,2,5,100,0
PP,5,4,3,0,5,100,2,3,4,2,5,100,0
PP,5,4,3,0,5,100,2,3,4,2,5,100,0
PP,5,4,3,0,5,100,2,3,4,2,5,100,0
PP,5,4,3,0,5,100,2,3,4,2,5,100,0
PP,5,4,3,0,5,100,2,3,4,2,5,100,0
PP,5,4,3,0,5,100,2,3,4,2,5,100,0
PP,5,4,3,0,5,100,2,3,4,2,5,100,0
PP,5,4,3,0,5,100,2,3,4,2,5,100,0
PP,5,4,3,0,5,100,2,3,4,2,5,100,0
PP,5,4,3,0,5,100,2,3,4,2,5,100,0
PP,5,4,3,0,5,100,2,3,4,2,5,100,0
PP,5,4,3,0,5,100,2,3,4,2,5,100,0
PP,5,4,3,0,5,100,2,3,4,2,5,100,0
PP,5,4,3,0,5,100,2,3,4,2,5,100,0
PP,5,4,3,0,5,100,2,3,4,2,5,100,0
PP,5,4,3,0,5,100,2,3,4,2,5,100,0
PP,5,4,3,0,5,100,2,3,4,2,5,100,0
PP,5,4,3,0,5,100,2,3,4,2,5,100,0
PP,5,4,3,0,5,100,2,3,4,2,5,100,0
PP,5,4,3,0,5,100,2,3,4,2,5,100,0
PP,5,4,3,0,5,100,2,3,4,2,5,100,0
PP,5,4,3,0,5,100,2,3,4,2,5,100,0
PP,5,4,3,0,5,100,2,3,4,2,5,100,0
PP,5,4,3,0,5,100,2,3,4,2,5,100,0
PP,5,4,3,0,5,100,2,3,4,2,5,100,0
PP,5,4,3,0,5,100,2,3,4,2,5,100,0
PP,5,4,3,0,5,100,2,3,4,2,5,100,0
PP,5,4,3,0,5,100,2,3,4,2,5,100,0
PP,5,4,3,0,5,100,2,3,4,2,5,100,0
PP,5,4,3,0,5,100,2,3,4,2,5,100,0
PP,5,4,3,0,5,100,2,3,4,2,5,100,0
PP,5,4,3,0,5,100,2,3,4,2,5,100,0
PP,5,4,3,0,5,100,2,3,4,2,5,100,0
PP,5,4,3,0,5,100,2,3,4,2,5,100,0
PP,5,4,3,0,5,100,2,3,4,2,5,100,0
PP,5,4,3,0,5,100,2,3,4,2,5,100,0
PP,5,4,3,0,5,100,2,3,4,2,5,100,0
PP,5,4,3,0,5,100,2,3,4,2,5,100,0
PP,5,4,3,0,5,100,2,3,4,2,5,100,0
PP,5,4,3,0,5,100,2,3,4,2,5,100,0
PP,5,4,3,0,5,100,2,3,4,2,5,100,0
PP,5,4,3,0,5,100,2,3,4,2,5,100,0
PP,5,4,3,0,5,100,2,3,4,2,5,100,0
PP,5,4,3,0,5,100,2,3,4,2,5,100,0
PP,5,4,3,0,5,100,2,3,4,2,5,100,0
PP,5,4,3,0,5,100,2,3,4,2,5,100,0
PP,5,4,3,0,5,100,2,3,4,2,5,100,0
PP,5,4,3,0,5,100,2,3,4,2,5,100,0
PP,5,4,3,0,5,100,2,3,4,2,5,100,0
PP,5,4,3,0,5,100,2,3,4,2,5,100,0
PP,5,4,3,0,5,100,2,3,4,2,5,100,0
PP,5,4,3,0,5,100,2,3,4,2,5,100,0
PP,5,4,3,0,5,100,2,3,4,2,5,100,0
PP,5,4,3,0,5,100,2,3,4,2,5,100,0
PP,5,4,3,0,5,100,2,3,4,2,5,100,0
PP,5,4,3,0,5,100,2,3,4,2,5,100,0
PP,5,4,3,0,5,100,2,3,4,2,5,100,0
PP,5,4,3,0,5,100,2,3,4,2,5,100,0
PP,5,4,3,0,5,100,2,3,4,2,5,100,0
PP,5,4,3,0,5,100,2,3,4,2,5,100,0
PP,5,4,3,0,5,100,2,3,4,2,5,100,0
PP,5,4,3,0,5,100,2,3,4,2,5,100,0
PP,5,4,3,0,5,100,2,3,4,2,5,100,0
PP,5,4,3,0,5,100,2,3,4,2,5,100,0
PP,5,4,3,0,5,100,2,3,4,2,5,100,0
PP,5,4,3,0,5,100,2,3,4,2,5,100,0
PP,5,4,3,0,5,100,2,3,4,2,5,100,0
PP,5,4,3,0,5,100,2,3,4,2,5,100,0
PP,5,4,3,0,5,100,2,3,4,2,5,100,0
PP,5,4,3,0,5,100,2,3,4,2,5,100,0
PP,5,4,3,0,5,100,2,3,4,2,5,100,0
PP,5,4,3,0,5,100,2,3,4,2,5,100,0
PP,5,4,3,0,5,100,2,3,4,2,5,100,0
PP,5,4,3,0,5,100,2,3,4,2,5,100,0
PP,5,4,3,0,5,100,2,3,4,2,5,100,0
PP,5,4,3,0,5,100,2,3,4,2,5,100,0
PP,5,4,3,0,5,100,2,3,4,2,5,100,0
PP,5,4,3,0,5,100,2,3,4,2,5,100,0
PP,5,4,3,0,5,100,2,3,4,2,5,100,0
PP,5,4,3,0,5,100,2,3,4,2,5,100,0
PP,5,4,3,0,5,100,2,3,4,2,5,100,0
PP,5,4,3,0,5,100,2,3,4,2,5,100,0
PP,5,4,3,0,5,100,2,3,4,2,5,100,0
PP,5,4,3,0,5,100,2,3,4,2,5,100,0
PP,5,4,3,0,5,100,2,3,4,2,5,100,0
PP,5,4,3,0,5,100,2,3,4,2,5,100,0
PP,5,4,3,0,5,100,2,3,4,2,5,100,0
PP,5,4,3,0,5,100,2,3,4,2,5,100,0
PP,5,4,3,0,5,100,2,3,4,2,5,100,0
PP,5,4,3,0,5,100,2,3,4,2,5,100,0
PP,5,4,3,0,5,100,2,3,4,2,5,100,0
PP,5,4,3,0,5,100,2,3,4,2,5,100,0
PP,5,4,3,0,5,100,2,3,4,2,5,100,0
PP,5,4,3,0,5,100,2,3,4,2,5,100,0
PP,5,4,3,0,5,100,2,3,4,2,5,100,0
PP,5,4,3,0,5,100,2,3,4,2,5,100,0
PP,5,4,3,0,5,100,2,3,4,2,5,100,0
PP,5,4,3,0,5,100,2,3,4,2,5,100,0
PP,5,4,3,0,5,100,2,3,4,2,5,100,0
PP,5,4,3,0,5,100,2,3,4,2,5,100,0
PP,5,4,3,0,5,100,2,3,4,2,5,100,0
PP,5,4,3,0,5,100,2,3,4,2,5,100,0
PP,5,4,3,0,5,100,2,3,4,2,5,100,0
PP,5,4,3,0,5,100,2,3,4,2,5,100,0
PP,5,4,3,0,5,100,2,3,4,2,5,100,0
PP,5,4,3,0,5,100,2,3,4,2,5,100,0
PP,5,4,3,0,5,100,2,3,4,2,5,100,0
PP,5,4,3,0,5,100,2,3,4,2,5,100,0
PP,5,4,3,0,5,100,2,3,4,2,5,100,0
PP,5,4,3,0,5,100,2,3,4,2,5,100,0
PP,5,4,3,0,5,100,2,3,4,2,5,100,0
PP,5,4,3,0,5,100,2,3,4,2,5,100,0
PP,5,4,3,0,5,100,2,3,4,2,5,100,0
PP,5,4,3,0,5,100,2,3,4,2,5,100,0
PP,5,4,3,0,5,100,2,3,4,2,5,100,0
PP,5,4,3,0,5,100,2,3,4,2,5,100,0
PP,5,4,3,0,5,100,2,3,4,2,5,100,0
PP,5,4,3,0,5,100,2,3,4,2,5,100,0
PP,5,4,3,0,5,100,2,3,4,2,5,100,0
PP,5,4,3,0,5,100,2,3,4,2,5,100,0
PP,5,4,3,0,5,100,2,3,4,2,5,100,0
PP,5,4,3,0,5,100,2,3,4,2,5,100,0
PP,5,4,3,0,5,100,2,3,4,2,5,100,0
PP,5,4,3,0,5,100,2,3,4,2,5,99,0
PP,5,4,3,0,5,100,2,3,4,2,5,100,0
PP,4,4,3,0,5,100,2,3,4,2,5,100,0
PP,5,4,3,0,5,100,2,3,4,2,5,100,0
PP,5,4,3,0,5,99,2,3,4,2,5,100,0
PP,5,4,3,0,5,100,2,3,4,2,5,100,0
PP,5,4,3,0,5,100,2,3,4,2,5,100,0
PP,5,4,3,0,5,100,2,3,4,2,5,100,0
PP,5,4,3,0,5,100,2,3,4,2,5,100,0
PP,5,4,3,0,5,100,2,3,4,2,5,100,0
PP,5,4,3,0,5,100,2,3,4,2,5,100,0
PP,5,4,3,0,5,100,2,3,4,2,5,100,0
PP,5,4,3,0,5,100,2,3,4,2,5,100,0
PP,5,4,3,0,5,100,2,3,4,2,5,100,0
PP,5,4,3,0,5,100,2,3,4,2,5,100,0
PP,5,4,3,0,5,100,2,3,4,2,5,100,0
PP,5,4,3,0,5,100,2,3,4,2,5,100,0
PP,5,4,3,0,5,100,2,3,4,2,5,100,0
PP,5,4,3,0,5,100,2,3,4,2,5,100,0
PP,5,4,3,0,5,100,2,3,4,2,5,100,0
PP,5,4,3,0,5,100,2,3,4,2,5,100,0
PP,5,4,3,0,5,100,2,3,4,2,5,100,0
PP,5,4,3,0,5,100,2,3,4,2,5,100,0
PP,5,4,3,0,5,100,2,3,4,2,5,100,0
PP,5,4,3,0,5,100,2,3,4,2,5,100,0
PP,5,4,3,0,5,100,2,3,4,2,5,100,0
PP,5,4,3,0,5,100,2,3,4,2,5,100,0
PP,5,4,3,0,5,100,2,3,4,2,5,100,0
PP,5,4,3,0,5,100,2,3,4,2,5,100,0
PP,5,4,3,0,5,100,2,3,4,2,5,100,0
PP,5,4,3,0,5,100,2,3,4,2,5,100,0
PP,5,4,3,0,5,100,2,3,4,2,5,100,0
PP,5,4,3,0,5,100,2,3,4,2,5,100,0
PP,5,4,3,0,5,100,2,3,4,2,5,100,0
PP,5,4,3,0,5,100,2,3,4,2,5,100,0
PP,5,4,3,0,5,100,2,3,4,2,5,100,0
PP,5,4,3,0,5,100,2,3,4,2,5,100,0
PP,5,4,3,0,5,100,2,3,4,2,5,100,0
PP,5,4,3,0,5,100,2,3,4,2,5,100,0
PP,5,4,3,0,5,100,2,3,4,2,5,100,0
PP,5,4,3,0,5,100,2,3,4,2,5,100,0
PP,5,4,3,0,5,100,2,3,4,2,5,100,0
PP,5,4,3,0,5,100,2,3,4,2,5,100,0
PP,5,4,3,0,5,100,2,3,4,2,5,100,0
PP,5,4,3,0,5,100,2,3,4,2,5,100,0
PP,5,4,3,0,5,100,2,3,4,2,5,100,0
PP,5,4,3,0,5,100,2,3,4,2,5,100,0
PP,5,4,3,0,5,100,2,3,4,2,5,100,0
PP,5,4,3,0,5,100,2,3,4,2,5,100,0
PP,5,4,3,0,5,100,2,3,4,2,5,100,0
PP,5,4,3,0,5,100,2,3,4,2,5,100,0
PP,4,4,3,0,5,100,2,2,4,2,5,100,0
PP,4,4,3,0,5,100,2,2,4,2,5,100,0
PP,4,4,3,0,5,100,2,2,4,2,5,100,0
PP,4,4,3,0,5,100,2,2,4,2,5,100,0
PP,4,4,3,0,5,100,2,2,4,2,5,100,0
PP,4,4,3,0,5,100,2,2,4,2,5,100,0
PP,4,4,3,0,5,100,2,2,4,2,5,100,0
PP,4,4,3,0,5,100,2,2,4,2,5,100,0
PP,4,4,3,0,5,100,2,2,4,2,5,100,0
PP,4,4,3,0,5,100,2,2,4,2,5,100,0
PP,4,4,3,0,5,100,2,2,4,2,5,100,0
PP,4,4,3,0,5,100,2,2,4,2,5,100,0
PP,4,4,3,0,5,100,2,2,4,2,5,100,0
PP,4,4,3,0,5,100,2,2,4,2,5,100,0
PP,4,4,3,0,5,100,2,2,4,2,5,100,0
PP,4,4,3,0,5,100,2,2,4,2,5,100,0
PP,4,4,3,0,5,100,2,2,4,2,5,100,0
PP,4,4,3,0,5,100,2,2,4,2,5,100,0
PP,4,4,3,0,5,100,2,2,4,2,5,100,0
PP,4,4,3,0,5,100,2,2,4,2,5,100,0
PP,4,4,3,0,5,100,2,2,4,2,5,100,0
PP,4,4,3,0,5,100,2,2,4,2,5,100,0
PP,4,4,3,0,5,99,2,2,4,2,5,100,0
PP,4,4,3,0,5,100,2,2,3,2,5,94,0
PP,3,4,3,0,5,100,1,2,3,2,4,97,0
PP,3,4,3,0,5,99,2,2,3,2,5,100,0
PP,3,4,3,0,4,100,1,2,3,2,4,100,0
PP,3,4,3,0,4,100,1,2,3,2,4,100,0
PP,3,4,3,0,4,100,1,2,3,2,4,100,0
PP,3,4,3,0,4,100,1,2,3,2,4,100,0
PP,3,4,3,0,4,100,1,2,3,2,4,100,0
PP,3,4,3,0,4,100,1,2,3,2,4,100,0
PP,3,4,3,0,4,100,1,2,3,2,4,100,0
PP,3,4,3,0,4,100,1,2,3,2,4,100,0
PP,3,4,3,0,4,100,1,2,3,2,4,100,0
PP,3,4,3,0,4,100,1,2,3,2,4,100,0
PP,3,4,3,0,4,100,1,2,3,2,4,100,0
PP,3,4,3,0,4,100,1,2,3,2,4,100,0
PP,3,4,3,0,5,100,2,2,3,2,5,100,0
PP,3,4,3,0,4,100,1,2,3,2,4,100,0
PP,3,4,3,0,4,100,1,2,3,2,4,100,0
PP,3,4,3,0,4,100,1,2,3,2,4,100,0
PP,3,4,3,0,5,100,2,2,3,2,5,100,0
PP,3,4,3,0,5,99,1,2,3,2,5,100,0
PP,4,4,3,0,5,100,2,2,3,2,5,100,0
PP,4,4,3,0,5,100,2,2,3,2,5,100,0
PP,4,4,3,0,5,100,2,2,3,2,5,100,0
PP,4,4,3,0,5,100,2,2,3,2,5,100,0
PP,4,4,3,0,5,100,2,2,3,2,5,100,0
PP,4,4,3,0,4,100,2,2,3,2,4,100,0
PP,4,4,3,0,5,100,2,2,3,2,5,100,0
PP,4,4,3,0,5,100,2,2,3,2,5,100,0
PP,4,4,3,0,5,100,2,2,3,2,5,100,0
PP,4,4,3,0,4,100,2,2,3,2,4,100,0
PP,4,4,3,0,5,100,2,2,3,2,5,100,0
PP,4,4,3,0,5,100,2,2,3,2,5,100,0
PP,4,4,3,0,5,100,2,2,3,2,5,100,0
PP,4,4,3,0,5,100,2,2,3,2,5,100,0
PP,4,4,3,0,5,100,2,2,3,2,5,100,0
PP,4,4,3,0,5,100,2,2,3,2,5,100,0
PP,4,4,3,0,5,100,2,2,3,2,5,100,0
PP,4,4,3,0,5,100,2,2,3,2,5,100,0
PP,4,4,3,0,5,100,2,2,3,2,5,100,0
PP,4,4,3,0,5,100,2,2,3,2,5,100,0
PP,4,4,3,0,5,100,2,2,3,2,5,100,0
PP,4,4,3,0,5,100,2,2,3,2,5,100,0
PP,4,4,3,0,5,100,2,2,3,2,5,100,0
PP,4,4,3,0,5,100,2,2,3,2,5,100,0
PP,4,4,3,0,5,100,2,2,3,2,5,100,0
PP,4,4,3,0,5,100,2,2,3,2,5,100,0
PET,2,3,3,0,4,100,1,2,2,3,4,100,0
PET,2,3,3,0,4,100,1,2,2,3,4,100,0
PET,2,3,3,0,4,100,1,2,2,3,4,100,0
PET,2,3,3,0,4,100,1,2,2,3,4,100,0
PET,2,3,3,0,4,100,1,2,2,3,4,100,0
PET,2,3,3,0,4,100,1,2,2,3,4,100,0
PET,2,3,3,0,4,100,1,2,2,3,4,100,0
PET,2,3,3,0,4,100,1,2,2,3,4,100,0
PET,2,3,3,0,4,100,1,2,2,3,4,100,0
PET,2,3,3,0,4,100,1,2,2,3,4,100,0
PET,2,3,3,0,4,100,1,2,2,3,4,100,0
PET,2,3,3,0,4,100,1,2,2,3,4,100,0
PET,2,3,3,0,4,100,1,2,2,3,4,100,0
PET,2,3,3,0,4,100,1,2,2,3,4,100,0
PET,2,3,3,0,4,100,1,2,2,3,4,100,0
PET,2,3,3,0,4,100,1,2,2,3,4,100,0
PET,2,3,3,0,4,100,1,2,2,3,4,100,0
PET,2,3,3,0,4,100,1,2,2,3,4,100,0
PET,2,3,3,0,4,100,1,2,2,3,4,100,0
PET,2,3,3,0,4,100,1,2,2,3,4,100,0
PET,2,3,3,0,4,100,1,2,2,3,4,100,0
PET,2,3,3,0,4,100,1,2,2,3,4,100,0
PET,2,3,3,0,4,100,1,2,2,3,4,100,0
PET,2,3,3,0,4,100,1,2,2,3,4,100,0
PET,2,3,3,0,4,100,1,2,2,3,4,100,0
PET,2,3,3,0,4,100,1,2,2,3,4,100,0
PET,2,3,3,0,4,100,1,2,2,3,4,100,0
PET,2,3,3,0,4,100,1,2,2,3,4,100,0
PET,2,3,3,0,4,100,1,2,2,3,4,100,0
PET,2,3,3,0,4,100,1,2,2,3,4,100,0
PET,2,3,3,0,4,100,1,2,2,3,4,100,0
PET,2,3,3,0,4,100,1,2,2,3,4,100,0
PET,2,3,3,0,4,100,1,2,2,3,4,100,0
PET,2,3,3,0,4,100,1,2,2,3,4,100,0
PET,2,3,3,0,4,100,1,2,2,3,4,100,0
PET,2,3,3,0,4,100,1,2,2,3,4,100,0
PET,2,3,3,0,4,100,1,2,2,3,4,100,0
PET,2,3,3,0,4,100,1,2,2,3,4,100,0
PET,2,3,3,0,4,100,1,2,2,3,4,100,0
PET,2,3,3,0,4,100,1,2,2,3,4,100,0
PET,2,3,3,0,4,100,1,2,2,3,4,100,0
PET,2,3,3,0,4,100,1,2,2,3,4,100,0
PET,2,3,3,0,4,100,1,2,2,3,4,100,0
PET,2,3,3,0,4,100,1,2,2,3,4,100,0
PET,2,3,3,0,4,100,1,2,2,3,4,100,0
PET,2,3,3,0,4,100,1,2,2,3,4,100,0
PET,2,3,3,0,4,100,1,2,2,3,4,100,0
PET,2,3,3,0,4,100,1,2,2,3,4,100,0
PET,2,3,3,0,4,100,1,2,2,3,4,100,0
PET,2,3,3,0,4,100,1,2,2,3,4,100,0
PET,2,3,3,0,4,100,1,2,2,3,4,100,0
PET,2,3,3,0,4,100,1,2,2,3,4,100,0
PET,2,3,3,0,4,100,1,2,2,3,4,100,0
PET,2,3,3,0,4,100,1,2,2,3,4,100,0
PET,2,3,3,0,4,100,1,2,2,3,4,100,0
PET,2,3,3,0,4,100,1,2,2,3,4,100,0
PET,2,3,3,0,4,100,1,2,2,3,4,100,0
PET,2,3,3,0,4,100,1,2,2,3,4,100,0
PET,2,3,3,0,4,100,1,2,2,3,4,100,0
PET,2,3,3,0,4,100,1,2,2,3,4,100,0
PET,2,3,3,0,4,100,1,2,2,3,4,100,0
PET,2,3,3,0,4,100,1,2,2,3,4,100,0
PET,2,3,3,0,4,100,1,2,2,3,4,100,0
PET,2,3,3,0,4,100,1,2,2,3,4,100,0
PET,2,3,3,0,4,100,1,2,2,3,4,100,0
PET,2,3,3,0,4,100,1,2,2,3,4,100,0
PET,2,3,3,0,4,100,1,2,2,3,4,100,0
PET,2,3,3,0,4,100,1,2,2,3,4,100,0
PET,2,3,3,0,4,100,1,2,2,3,4,100,0
PET,2,3,3,0,4,100,1,2,2,3,4,100,0
PET,2,3,3,0,4,100,1,2,2,3,4,100,0
PET,2,3,3,0,4,100,1,2,2,3,4,100,0
PET,2,3,3,0,4,100,1,2,2,3,4,100,0
PET,2,3,3,0,4,100,1,2,2,3,4,100,0
PET,2,3,3,0,4,100,1,2,2,3,4,100,0
PET,2,3,3,0,4,100,1,2,2,3,4,100,0
PET,2,3,3,0,4,100,1,2,2,3,4,100,0
PET,2,3,3,0,4,100,1,2,2,3,4,100,0
PET,2,3,3,0,4,100,1,2,2,3,4,100,0
PET,2,3,3,0,4,100,1,2,2,3,4,100,0
PET,2,3,3,0,4,100,1,2,2,3,4,100,0
PET,2,3,3,0,4,100,1,2,2,3,4,100,0
PET,2,3,3,0,4,100,1,2,2,3,4,100,0
PET,2,3,3,0,4,100,1,2,2,3,4,100,0
PET,2,3,3,0,4,100,1,2,2,3,4,100,0
PET,2,3,3,0,4,100,1,2,2,3,4,100,0
PET,2,3,3,0,4,100,1,2,2,3,4,100,0
PET,2,3,3,0,4,100,1,2,2,3,4,100,0
PET,2,3,3,0,4,100,1,2,2,3,4,100,0
PET,2,3,3,0,4,100,1,2,2,3,4,100,0
PET,2,3,3,0,4,100,1,2,2,3,4,100,0
PET,2,3,3,0,4,100,1,2,2,3,4,100,0
PET,2,3,3,0,4,100,1,2,2,3,4,100,0
PET,2,3,3,0,4,100,1,2,2,3,4,100,0
PET,2,3,3,0,4,100,1,2,2,3,4,100,0
PET,2,3,3,0,4,100,1,2,2,3,4,100,0
PET,2,3,3,0,4,100,1,2,2,3,4,100,0
PET,2,3,3,0,4,100,1,2,2,3,4,100,0
PET,2,3,3,0,4,100,1,2,2,3,4,100,0
PET,2,3,3,0,4,100,1,2,2,3,4,100,0
PET,2,3,3,0,4,100,1,2,2,3,4,100,0
PET,2,3,3,0,4,100,1,2,2,3,4,100,0
PET,2,3,3,0,4,100,1,2,2,3,4,100,0
PET,2,3,3,0,4,100,1,2,2,3,4,100,0
PET,2,3,3,0,4,100,1,2,2,3,4,100,0
PET,2,3,3,0,4,100,1,2,2,3,4,100,0
PET,2,3,3,0,4,100,1,2,2,3,4,100,0
PET,2,3,3,0,4,100,1,2,2,3,4,100,0
PET,2,3,3,0,4,100,1,2,2,3,4,100,0
PET,2,3,3,0,4,100,1,2,2,3,4,100,0
PET,2,3,3,0,4,100,1,2,2,3,4,100,0
PET,2,3,3,0,4,100,1,2,2,3,4,100,0
PET,2,3,3,0,4,100,1,2,2,3,4,100,0
PET,2,3,3,0,4,100,1,2,2,3,4,100,0
PET,2,3,3,0,4,100,1,2,2,3,4,100,0
PET,2,3,3,0,4,100,1,2,2,3,4,100,0
PET,2,3,3,0,4,100,1,2,2,3,4,100,0
PET,2,3,3,0,4,100,1,2,2,3,4,100,0
PET,2,3,3,0,4,100,1,2,2,3,4,100,0
PET,2,3,3,0,4,100,1,2,2,3,4,100,0
PET,2,3,3,0,4,100,1,2,2,3,4,100,0
PET,2,3,3,0,4,100,1,2,2,3,4,100,0
PET,2,3,3,0,4,100,1,2,2,3,4,100,0
PET,2,3,3,0,4,100,1,2,2,3,4,100,0
PET,2,3,3,0,4,100,1,2,2,3,4,100,0
PET,2,3,3,0,4,100,1,2,2,3,4,100,0
PET,2,3,3,0,4,100,1,2,2,3,4,100,0
PET,2,3,3,0,4,100,1,2,2,3,4,100,0
PET,2,3,3,0,4,100,1,2,2,3,4,100,0
PET,2,3,3,0,4,100,1,2,2,3,4,100,0
PET,2,3,3,0,4,100,1,2,2,3,4,100,0
PET,2,3,3,0,4,100,1,2,2,3,4,100,0
PET,2,3,3,0,4,100,1,2,2,3,4,100,0
PET,2,3,3,0,4,100,1,2,2,3,4,100,0
PET,2,3,3,0,4,100,1,2,2,3,4,100,0
PET,2,3,3,0,4,100,1,2,2,3,4,100,0
PET,2,3,3,0,4,100,1,2,2,3,4,100,0
PET,2,3,3,0,4,100,1,2,2,3,4,100,0
PET,2,3,3,0,4,100,1,2,2,3,4,100,0
PET,2,3,3,0,4,100,1,2,2,3,4,100,0
PET,2,3,3,0,4,100,1,2,2,3,4,100,0
PET,2,3,3,0,4,100,1,2,2,3,4,100,0
PET,2,3,3,0,4,100,1,2,2,3,4,100,0
PET,2,3,3,0,4,100,1,2,2,3,4,100,0
PET,2,3,3,0,4,100,1,2,2,3,4,100,0
PET,2,3,3,0,4,100,1,2,2,3,4,100,0
PET,2,3,3,0,4,100,1,2,2,3,4,100,0
PET,2,3,3,0,4,100,1,2,2,3,4,100,0
PET,2,3,3,0,4,100,1,2,2,3,4,100,0
PET,2,3,3,0,4,100,1,2,2,3,4,100,0
PET,2,3,3,0,4,100,1,2,2,3,4,100,0
PET,2,3,3,0,4,100,1,2,2,3,4,100,0
PET,2,3,3,0,4,100,1,2,2,3,4,100,0
PET,2,3,3,0,4,100,1,2,2,3,4,100,0
PET,2,3,3,0,4,100,1,2,2,3,4,100,0
PET,2,3,3,0,4,100,1,2,2,3,4,100,0
PET,2,3,3,0,4,100,1,2,2,3,4,100,0
PET,2,3,3,0,4,100,1,2,2,3,4,100,0
PET,2,3,3,0,4,100,1,2,2,3,4,100,0
PET,2,3,3,0,4,100,1,2,2,3,4,100,0
PET,2,3,3,0,4,100,1,2,2,3,4,100,0
PET,2,3,3,0,4,100,1,2,2,3,4,100,0
PET,2,3,3,0,4,100,1,2,2,3,4,100,0
PET,2,3,3,0,4,100,1,2,2,3,4,100,0
PET,2,3,3,0,4,100,1,2,2,3,4,100,0
PET,2,3,3,0,4,100,1,2,2,3,4,100,0
PET,2,3,3,0,4,100,1,2,2,3,4,100,0
PET,2,3,3,0,4,100,1,2,2,3,4,100,0
PET,2,3,3,0,4,100,1,2,2,3,4,100,0
PET,2,3,3,0,4,100,1,2,2,3,4,100,0
PET,2,3,3,0,4,100,1,2,2,3,4,100,0
PET,2,3,3,0,4,100,1,2,2,3,4,100,0
PET,2,3,3,0,4,100,1,2,2,3,4,100,0
PET,2,3,3,0,4,100,1,2,2,3,4,100,0
PET,2,3,3,0,4,100,1,2,2,3,4,100,0
PET,2,3,3,0,4,100,1,2,2,3,4,100,0
PET,2,3,3,0,4,100,1,2,2,3,4,100,0
PET,2,3,3,0,4,100,1,2,2,3,4,100,0
PET,2,3,3,0,4,100,1,2,2,3,4,100,0
PET,2,3,3,0,4,100,1,2,2,3,4,100,0
PET,2,3,3,0,4,100,1,2,2,3,4,100,0
PET,2,3,3,0,4,100,1,2,2,3,4,100,0
PET,2,3,3,0,4,100,1,2,2,3,4,100,0
PET,2,3,3,0,4,100,1,2,2,3,4,100,0
PET,2,3,3,0,4,100,1,2,2,3,4,100,0
PET,2,3,3,0,4,100,1,2,2,3,4,100,0
PET,2,3,3,0,4,100,1,2,2,3,4,100,0
PET,2,3,3,0,4,100,1,2,2,3,4,100,0
PET,2,3,3,0,4,100,1,2,2,3,4,100,0
PET,2,3,3,0,4,100,1,2,2,3,4,100,0
PET,2,3,3,0,4,100,1,2,2,3,4,100,0
PET,2,3,3,0,4,100,1,2,2,3,4,100,0
PET,2,3,3,0,4,100,1,2,2,3,4,100,0
PET,2,3,3,0,4,100,1,2,2,3,4,100,0
PET,2,3,3,0,4,100,1,2,2,3,4,100,0
PET,2,3,3,0,4,100,1,2,2,3,4,100,0
PET,2,3,3,0,4,100,1,2,2,3,4,100,0
PET,2,3,3,0,4,100,1,2,2,3,4,100,0
PET,2,3,3,0,4,100,1,2,2,3,4,100,0
PET,2,3,3,0,4,100,1,2,2,3,4,100,0
PET,2,3,3,0,4,100,1,2,2,3,4,100,0
PET,2,3,3,0,4,100,1,2,2,3,4,100,0
PET,2,3,3,0,4,100,1,2,2,3,4,100,0
PET,2,4,3,0,4,100,1,2,3,2,4,100,0
PET,2,4,3,0,4,100,1,2,3,2,4,100,0
PET,2,4,3,0,4,100,1,2,3,2,4,100,0
PET,2,4,3,0,4,100,1,2,3,2,4,100,0
PET,2,4,3,0,4,100,1,2,3,2,4,100,0
PET,2,4,3,0,4,100,1,2,3,2,4,100,0
PET,2,4,3,0,4,100,1,2,3,2,4,100,0
PET,2,4,3,0,4,100,1,2,3,2,4,100,0
PET,2,4,3,0,4,100,1,2,3,2,4,100,0
PET,2,4,3,0,4,100,1,2,3,2,4,100,0
PET,2,4,3,0,4,100,1,2,3,2,4,100,0
PET,2,4,3,0,4,100,1,2,3,2,4,100,0
PET,2,4,3,0,4,100,1,2,3,2,4,100,0
PET,2,4,3,0,4,100,1,2,3,2,4,100,0
PET,2,4,3,0,4,100,1,2,3,2,4,100,0
PET,2,4,3,0,4,100,1,2,3,2,4,100,0
PET,2,4,3,0,4,100,1,2,3,2,4,100,0
PET,2,4,3,0,4,100,1,2,3,2,4,100,0
PET,2,4,3,0,4,100,1,2,3,2,4,100,0
PET,2,4,3,0,4,100,1,2,3,2,4,100,0
PET,2,4,3,0,4,100,1,2,3,2,4,100,0
PET,2,4,3,0,4,100,1,2,3,2,4,100,0
PET,2,4,3,0,4,100,1,2,3,2,4,100,0
PET,2,4,3,0,4,100,1,2,3,2,4,100,0
PET,2,4,3,0,4,100,1,2,3,2,4,100,0
PET,2,4,3,0,4,100,1,2,3,2,4,100,0
PET,2,4,3,0,4,100,1,2,3,2,4,100,0
PET,2,4,3,0,4,100,1,2,3,2,4,100,0
PET,2,4,3,0,4,100,1,2,3,2,4,100,0
PET,2,4,3,0,4,100,1,2,3,2,4,100,0
PET,2,4,3,0,4,100,1,2,3,2,4,100,0
PET,2,4,3,0,4,100,1,2,3,2,4,100,0
PET,2,4,3,0,4,100,1,2,3,2,4,100,0
PET,2,4,3,0,4,100,1,2,3,2,4,100,0
PET,2,4,3,0,4,100,1,2,3,2,4,100,0
PET,2,4,3,0,4,100,1,2,3,2,4,100,0
PET,2,4,3,0,4,100,1,2,3,2,4,100,0
PET,2,4,3,0,4,100,1,2,3,2,4,100,0
PET,2,4,3,0,4,100,1,2,3,2,4,100,0
PET,2,4,3,0,4,100,1,2,3,2,4,100,0
PET,2,4,3,0,4,100,1,2,3,2,4,100,0
PET,2,4,3,0,4,100,1,2,3,2,4,100,0
PET,2,4,3,0,4,100,1,2,3,2,4,100,0
PET,2,4,3,0,4,100,1,2,3,2,4,100,0
PET,2,4,3,0,4,100,1,2,3,2,4,100,0
PET,2,4,3,0,4,100,1,2,3,2,4,100,0
PET,2,4,3,0,4,100,1,2,3,2,4,100,0
PET,2,4,3,0,4,100,1,2,3,2,4,100,0
PET,2,4,3,0,4,100,1,2,3,2,4,100,0
PET,2,4,3,0,4,100,1,2,3,2,4,100,0
PET,2,4,3,0,4,100,1,2,3,2,4,100,0
PET,2,4,3,0,4,100,1,2,3,2,4,100,0
PET,2,4,3,0,4,100,1,2,3,2,4,100,0
PET,2,4,3,0,4,100,1,2,3,2,4,100,0
PET,2,4,3,0,4,100,1,2,3,2,4,100,0
PET,2,4,3,0,4,100,1,2,3,2,4,100,0
PET,2,4,3,0,4,100,1,2,3,2,4,100,0
PET,2,4,3,0,4,100,1,2,3,2,4,100,0
PET,2,4,3,0,4,100,1,2,3,2,4,100,0
PET,2,4,3,0,4,100,1,2,3,2,4,100,0
PET,2,4,3,0,4,100,1,2,3,2,4,100,0
PET,2,4,3,0,4,100,1,2,3,2,4,100,0
PET,2,4,3,0,4,100,1,2,3,2,4,100,0
PET,2,4,3,0,4,100,1,2,3,2,4,100,0
PET,2,4,3,0,4,100,1,2,3,2,4,100,0
PET,2,4,3,0,4,100,1,2,3,2,4,100,0
PET,2,4,3,0,4,100,1,2,3,2,4,100,0
PET,2,4,3,0,4,100,1,2,3,2,4,100,0
PET,2,4,3,0,4,100,1,2,3,2,4,100,0
PET,2,4,3,0,4,100,1,2,3,2,4,100,0
PET,2,4,3,0,4,100,1,2,3,2,4,100,0
PET,2,4,3,0,4,100,1,2,3,2,4,100,0
PET,2,4,3,0,4,100,1,2,3,2,4,100,0
PET,2,4,3,0,4,100,1,2,3,2,4,100,0
PET,2,4,3,0,4,100,1,2,3,2,4,100,0
PET,2,4,3,0,4,100,1,2,3,2,4,100,0
PET,2,4,3,0,4,100,1,2,3,2,4,100,0
PET,2,4,3,0,4,100,1,2,3,2,4,100,0
PET,2,4,3,0,4,100,1,2,3,2,4,100,0
PET,2,4,3,0,4,100,1,2,3,2,4,100,0
PET,2,4,3,0,4,100,1,2,3,2,4,100,0
PET,2,4,3,0,4,100,1,2,3,2,4,100,0
PET,2,4,3,0,4,100,1,2,3,2,4,100,0
PET,2,4,3,0,4,100,1,2,3,2,4,100,0
PET,2,4,3,0,4,100,1,2,3,2,4,100,0
PET,2,4,3,0,4,100,1,2,3,2,4,100,0
PET,2,4,3,0,4,100,1,2,3,2,4,100,0
PET,2,4,3,0,4,100,1,2,3,2,4,100,0
PET,2,4,3,0,4,100,1,2,3,2,4,100,0
PET,2,4,3,0,4,100,1,2,3,2,4,100,0
PET,2,4,3,0,4,100,1,2,3,2,4,100,0
PET,2,4,3,0,4,100,1,2,3,2,4,100,0
PET,2,4,3,0,4,100,1,2,3,2,4,100,0
PET,2,4,3,0,4,100,1,2,3,2,4,100,0
PET,2,4,3,0,4,100,1,2,3,2,4,100,0
PET,2,4,3,0,4,100,1,2,3,2,4,100,0
PET,2,4,3,0,4,100,1,2,3,2,4,100,0
PET,2,4,3,0,4,100,1,2,3,2,4,100,0
PET,2,4,3,0,4,100,1,2,3,2,4,100,0
PET,2,4,3,0,4,100,1,2,3,2,4,100,0
PET,2,4,3,0,4,100,1,2,3,2,4,100,0
PET,2,4,3,0,4,100,1,2,3,2,4,100,0
PET,2,4,3,0,4,100,1,2,3,2,4,100,0
PET,2,4,3,0,4,100,1,2,3,2,4,100,0
PET,2,4,3,0,4,100,1,2,3,2,4,100,0
PET,2,4,3,0,4,100,1,2,3,2,4,100,0
PET,2,4,3,0,4,100,1,2,3,2,4,100,0
PET,2,4,3,0,4,100,1,2,3,2,4,100,0
PET,2,4,3,0,4,100,1,2,3,2,4,100,0
PET,2,4,3,0,4,100,1,2,3,2,4,100,0
PET,2,4,3,0,4,100,1,2,3,2,4,100,0
PET,2,4,3,0,4,100,1,2,3,2,4,100,0
PET,2,4,3,0,4,100,1,2,3,2,4,100,0
PET,2,4,3,0,4,100,1,2,3,2,4,100,0
PET,2,4,3,0,4,100,1,2,3,2,4,100,0
PET,2,4,3,0,4,100,1,2,3,2,4,100,0
PET,2,4,3,0,4,100,1,2,3,2,4,100,0
PET,2,4,3,0,4,100,1,2,3,2,4,100,0
PET,2,4,3,0,4,100,1,2,3,2,4,100,0
PET,2,4,3,0,4,100,1,2,3,2,4,100,0
PET,2,4,3,0,4,100,1,2,3,2,4,100,0
PET,2,4,3,0,4,100,1,2,3,2,4,100,0
PET,2,4,3,0,4,100,1,2,3,2,4,100,0
PET,2,4,3,0,4,100,1,2,3,2,4,100,0
PET,2,4,3,0,4,100,1,2,3,2,4,100,0
PET,2,4,3,0,4,100,1,2,3,2,4,100,0
PET,2,4,3,0,4,100,1,2,3,2,4,100,0
PET,2,4,3,0,4,100,1,2,3,2,4,100,0
PET,2,4,3,0,4,100,1,2,3,2,4,100,0
PET,2,4,3,0,4,100,1,2,3,2,4,100,0
PET,2,4,3,0,4,100,1,2,3,2,4,100,0
PET,2,4,3,0,4,100,1,2,3,2,4,100,0
PET,2,4,3,0,4,100,1,2,3,2,4,100,0
PET,2,4,3,0,4,100,1,2,3,2,4,100,0
PET,2,4,3,0,4,100,1,2,3,2,4,100,0
PET,2,4,3,0,4,100,1,2,3,2,4,100,0
PET,2,4,3,0,4,100,1,2,3,2,4,100,0
PET,2,4,3,0,4,100,1,2,3,2,4,100,0
PET,2,4,3,0,4,100,1,2,3,2,4,100,0
PET,2,4,3,0,4,100,1,2,3,2,4,100,0
PET,2,4,3,0,4,100,1,2,3,2,4,100,0
PET,2,4,3,0,4,100,1,2,3,2,4,100,0
PET,2,4,3,0,4,100,1,2,3,2,4,100,0
PET,2,4,3,0,4,100,1,2,3,2,4,100,0
PET,2,4,3,0,4,100,1,2,3,2,4,100,0
PET,2,4,3,0,4,100,1,2,3,2,4,100,0
PET,2,4,3,0,4,100,1,2,3,2,4,100,0
PET,2,4,3,0,4,100,1,2,3,2,4,100,0
PET,2,4,3,0,4,100,1,2,3,2,4,100,0
PET,2,4,3,0,4,100,1,2,3,2,4,100,0
PET,2,4,3,0,4,100,1,2,3,2,4,100,0
PET,2,4,3,0,4,100,1,2,3,2,4,100,0
PET,2,4,3,0,4,100,1,2,3,2,4,100,0
PET,2,4,3,0,4,100,1,2,3,2,4,100,0
PET,2,4,3,0,4,100,1,2,3,2,4,100,0
PET,2,4,3,0,4,100,1,2,3,2,4,100,0
PET,2,4,3,0,4,100,1,2,3,2,4,100,0
PET,2,4,3,0,4,100,1,2,3,2,4,100,0
PET,2,4,3,0,4,100,1,2,3,2,4,100,0
PET,2,4,3,0,4,100,1,2,3,2,4,100,0
PET,2,4,3,0,4,100,1,2,3,2,4,100,0
PET,2,4,3,0,4,100,1,2,3,2,4,100,0
PET,2,4,3,0,4,100,1,2,3,2,4,100,0
PET,2,4,3,0,4,100,1,2,3,2,4,100,0
PET,2,4,3,0,4,100,1,2,3,2,4,100,0
PET,2,4,3,0,4,100,1,2,3,2,4,100,0
PET,2,4,3,0,4,100,1,2,3,2,4,100,0
PET,2,4,3,0,4,100,1,2,3,2,4,100,0
PET,2,4,3,0,4,100,1,2,3,2,4,100,0
PET,2,4,3,0,4,100,1,2,3,2,4,100,0
PET,2,4,3,0,4,100,1,2,3,2,4,100,0
PET,2,4,3,0,4,100,1,2,3,2,4,100,0
PET,2,4,3,0,4,100,1,2,3,2,4,100,0
PET,2,4,3,0,4,100,1,2,3,2,4,100,0
PET,2,4,3,0,4,100,1,2,3,2,4,100,0
PET,2,4,3,0,4,100,1,2,3,2,4,100,0
PET,2,4,3,0,4,100,1,2,3,2,4,100,0
PET,2,4,3,0,4,100,1,2,3,2,4,100,0
PET,2,4,3,0,4,100,1,2,3,2,4,100,0
PET,2,4,3,0,4,100,1,2,3,2,4,100,0
PET,2,4,3,0,4,100,1,2,3,2,4,100,0
PET,2,4,3,0,4,100,1,2,3,2,4,100,0
PET,2,4,3,0,4,100,1,2,3,2,4,100,0
PET,2,4,3,0,4,100,1,2,3,2,4,100,0
PET,2,4,3,0,4,100,1,2,3,2,4,100,0
PET,2,4,3,0,4,100,1,2,3,2,4,100,0
PET,2,4,3,0,4,100,1,2,3,2,4,100,0
PET,2,4,3,0,4,100,1,2,3,2,4,100,0
PET,2,4,3,0,4,100,1,2,3,2,4,100,0
PET,2,4,3,0,4,100,1,2,3,2,4,100,0
PET,2,4,3,0,4,100,1,2,3,2,4,100,0
PET,2,4,3,0,4,100,1,2,3,2,4,100,0
PET,2,4,3,0,4,100,1,2,3,2,4,100,0
PET,2,4,3,0,4,100,1,2,3,2,4,100,0
PET,2,4,3,0,4,100,1,2,3,2,4,100,0
PET,2,4,3,0,4,100,1,2,3,2,4,100,0
PET,2,4,3,0,4,100,1,2,3,2,4,100,0
PET,2,4,3,0,4,100,1,2,3,2,4,100,0
PET,2,4,3,0,4,100,1,2,3,2,4,100,0
PET,2,4,3,0,4,100,1,2,3,2,4,100,0
PET,2,4,3,0,4,100,1,2,3,2,4,100,0
PET,2,4,3,0,4,100,1,2,3,2,4,100,0
PET,2,4,3,0,4,100,1,2,3,2,4,100,0
PET,2,4,3,0,4,100,1,2,3,2,4,100,0
PET,2,4,3,0,4,100,1,2,4,2,4,100,0
PET,2,4,3,0,4,100,1,2,4,2,4,100,0
PET,2,4,3,0,4,100,1,2,4,2,4,100,0
PET,2,4,3,0,4,100,1,2,4,2,4,100,0
PET,2,4,3,0,4,100,1,2,4,2,4,100,0
PET,2,4,3,0,4,100,1,2,4,2,4,100,0
PET,2,4,3,0,4,100,1,2,4,2,4,100,0
PET,2,4,3,0,4,100,1,2,4,2,4,100,0
PET,2,4,3,0,4,100,1,2,4,2,4,100,0
PET,2,4,3,0,4,100,1,2,4,2,4,100,0
PET,2,4,3,0,4,100,1,2,4,2,4,100,0
PET,2,4,3,0,4,100,1,2,4,2,4,100,0
PET,2,4,3,0,4,100,1,2,4,2,4,100,0
PET,2,4,3,0,4,100,1,2,4,2,4,100,0
PET,2,4,3,0,4,100,1,2,4,2,4,100,0
PET,2,4,3,0,4,100,1,2,4,2,4,100,0
PET,2,4,3,0,4,100,1,2,4,2,4,100,0
PET,2,4,3,0,4,100,1,2,4,2,4,100,0
PET,2,4,3,0,4,100,1,2,4,2,4,100,0
PET,2,4,3,0,4,100,1,2,4,2,4,100,0
PET,2,4,3,0,4,100,1,2,4,2,4,100,0
PET,2,4,3,0,4,100,1,2,4,2,4,100,0
PET,2,4,3,0,4,100,1,2,4,2,4,100,0
PET,2,4,3,0,4,100,1,2,4,2,4,100,0
PET,2,4,3,0,4,100,1,2,4,2,4,100,0
PET,2,4,3,0,4,100,1,2,4,2,4,100,0
PET,2,4,3,0,4,100,1,2,4,2,4,100,0
PET,2,4,3,0,4,100,1,2,4,2,4,100,0
PET,2,4,3,0,4,100,1,2,4,2,4,100,0
PET,2,4,3,0,4,100,1,2,4,2,4,100,0
PET,2,4,3,0,4,100,1,2,4,2,4,100,0
PET,2,4,3,0,4,100,1,2,4,2,4,100,0
PET,2,4,3,0,4,100,1,2,4,2,4,100,0
PET,2,4,3,0,4,100,1,2,4,2,4,100,0
PET,2,4,3,0,4,100,1,2,4,2,4,100,0
PET,2,4,3,0,4,100,1,2,4,2,4,100,0
PET,2,4,3,0,4,100,1,2,4,2,4,100,0
PET,2,4,3,0,4,100,1,2,4,2,4,100,0
PET,2,4,3,0,4,100,1,2,4,2,4,100,0
PET,2,4,3,0,4,100,1,2,4,2,4,100,0
PET,2,4,3,0,4,100,1,2,4,2,4,100,0
PET,2,4,3,0,4,100,1,2,4,2,4,100,0
PET,2,4,3,0,4,100,1,2,4,2,4,100,0
PET,2,4,3,0,4,100,1,2,4,2,4,100,0
PET,2,4,3,0,4,100,1,2,4,2,4,100,0
PET,2,4,3,0,4,100,1,2,4,2,4,100,0
PET,2,4,3,0,4,100,1,2,4,2,4,100,0
PET,2,4,3,0,4,100,1,2,4,2,4,100,0
PET,2,4,3,0,4,100,1,2,4,2,4,100,0
PET,2,4,3,0,4,100,1,2,4,2,4,100,0
PET,2,4,3,0,4,100,1,2,4,2,4,100,0
PET,2,4,3,0,4,100,1,2,4,2,4,100,0
PET,2,4,3,0,4,100,1,2,4,2,4,100,0
PET,2,4,3,0,4,100,1,2,4,2,4,100,0
PET,2,4,3,0,4,100,1,2,4,2,4,100,0
PET,2,4,3,0,4,100,1,2,4,2,4,100,0
PET,2,4,3,0,4,100,1,2,4,2,4,100,0
PET,2,4,3,0,4,100,1,2,4,2,4,100,0
PET,2,4,3,0,4,100,1,2,4,2,4,100,0
PET,2,4,3,0,4,100,1,2,4,2,4,100,0
PET,2,4,3,0,4,100,1,2,4,2,4,100,0
PET,2,4,3,0,4,100,1,2,4,2,4,100,0
PET,2,4,3,0,4,100,1,2,4,2,4,100,0
PET,2,4,3,0,4,100,1,2,4,2,4,100,0
PET,2,4,3,0,4,100,1,2,4,2,4,100,0
PET,2,4,3,0,4,100,1,2,4,2,4,100,0
PET,2,4,3,0,4,100,1,2,4,2,4,100,0
PET,2,4,3,0,4,100,1,2,4,2,4,100,0
PET,2,4,3,0,4,100,1,2,4,2,4,100,0
PET,2,4,3,0,4,100,1,2,4,2,4,100,0
PET,2,4,3,0,4,100,1,2,4,2,4,100,0
PET,2,4,3,0,4,100,1,2,4,2,4,100,0
PET,2,4,3,0,4,100,1,2,4,2,4,100,0
PET,2,4,3,0,4,100,1,2,4,2,4,100,0
PET,2,4,3,0,4,100,1,2,4,2,4,100,0
PET,2,4,3,0,4,100,1,2,4,2,4,100,0
PET,2,4,3,0,4,100,1,2,4,2,4,100,0
PET,2,4,3,0,4,100,1,2,4,2,4,100,0
PET,2,4,3,0,4,100,1,2,4,2,4,100,0
PET,2,4,3,0,4,100,1,2,4,2,4,100,0
PET,2,4,3,0,4,100,1,2,4,2,4,100,0
PET,2,4,3,0,4,100,1,2,4,2,4,100,0
PET,2,4,3,0,4,100,1,2,4,2,4,100,0
PET,2,4,3,0,4,100,1,2,4,2,4,100,0
PET,2,4,3,0,4,100,1,2,4,2,4,100,0
PET,2,4,3,0,4,100,1,2,4,2,4,100,0
PET,2,4,3,0,4,100,1,2,4,2,4,100,0
PET,2,4,3,0,4,100,1,2,4,2,4,100,0
PET,2,4,3,0,4,100,1,2,4,2,4,100,0
PET,2,4,3,0,4,100,1,2,4,2,4,100,0
PET,2,4,3,0,4,100,1,2,4,2,4,100,0
PET,2,4,3,0,4,100,1,2,4,2,4,100,0
PET,2,4,3,0,4,100,1,2,4,2,4,100,0
PET,2,4,3,0,4,100,1,2,4,2,4,100,0
PET,2,4,3,0,4,100,1,2,4,2,4,100,0
PET,2,4,3,0,4,100,1,2,4,2,4,100,0
PET,2,4,3,0,4,100,1,2,4,2,4,100,0
PET,2,4,3,0,4,100,1,2,4,2,4,100,0
PET,2,4,3,0,4,100,1,2,4,2,4,100,0
PET,2,4,3,0,4,100,1,2,4,2,4,100,0
PET,2,4,3,0,4,100,1,2,4,2,4,100,0
PET,2,4,3,0,4,100,1,2,4,2,4,100,0
PET,2,4,3,0,4,100,1,2,4,2,4,100,0
PET,2,4,3,0,4,100,1,2,4,2,4,100,0
PET,2,4,3,0,4,100,1,2,4,2,4,100,0
PET,2,4,3,0,4,100,1,2,4,2,4,100,0
PET,2,4,3,0,4,100,1,2,4,2,4,100,0
PET,2,4,3,0,4,100,1,2,4,2,4,100,0
PET,2,4,3,0,4,100,1,2,4,2,4,100,0
PET,2,4,3,0,4,100,1,2,4,2,4,100,0
PET,2,4,3,0,4,100,1,2,4,2,4,100,0
PET,2,4,3,0,4,100,1,2,4,2,4,100,0
PET,2,4,3,0,4,100,1,2,4,2,4,100,0
PET,2,4,3,0,4,100,1,2,4,2,4,100,0
PET,2,4,3,0,4,100,1,2,4,2,4,100,0
PET,2,4,3,0,4,100,1,2,4,2,4,100,0
PET,2,4,3,0,4,100,1,2,4,2,4,100,0
PET,2,4,3,0,4,100,1,2,4,2,4,100,0
PET,2,4,3,0,4,100,1,2,4,2,4,100,0
PET,2,4,3,0,4,100,1,2,4,2,4,100,0
PET,2,4,3,0,4,100,1,2,4,2,4,100,0
PET,2,4,3,0,4,100,1,2,4,2,4,100,0
PET,2,4,3,0,4,100,1,2,4,2,4,100,0
PET,2,4,3,0,4,100,1,2,4,2,4,100,0
PET,2,4,3,0,4,100,1,2,4,2,4,100,0
PET,2,4,3,0,4,100,1,2,4,2,4,100,0
PET,2,4,3,0,4,100,1,2,4,2,4,100,0
PET,2,4,3,0,4,100,1,2,4,2,4,100,0
PET,2,4,3,0,4,100,1,2,4,2,4,100,0
PET,2,4,3,0,4,100,1,2,4,2,4,100,0
PET,2,4,3,0,4,100,1,2,4,2,4,100,0
PET,2,4,3,0,4,100,1,2,4,2,4,100,0
PET,2,4,3,0,4,100,1,2,4,2,4,100,0
PET,2,4,3,0,4,100,1,2,4,2,4,100,0
PET,2,4,3,0,4,100,1,2,4,2,4,100,0
PET,2,4,3,0,4,100,1,2,4,2,4,99,0
PET,2,4,3,0,4,100,1,2,4,2,4,100,0
PET,2,4,3,0,4,100,1,2,4,2,4,100,0
PET,2,4,3,0,4,100,1,2,4,2,4,100,0
PET,2,4,3,0,4,100,1,2,4,2,4,100,0
PET,2,4,3,0,4,100,1,2,4,2,4,100,0
PET,2,4,3,0,4,100,1,2,4,2,4,100,0
PET,2,4,3,0,4,100,1,2,4,2,4,100,0
PET,2,4,3,0,4,100,1,2,4,2,4,100,0
PET,2,4,3,0,4,100,1,2,4,2,4,100,0
PET,2,4,3,0,4,100,1,2,4,2,4,100,0
PET,2,4,3,0,4,100,1,2,4,2,4,100,0
PET,2,4,3,0,4,100,1,2,4,2,4,100,0
PET,2,4,3,0,4,100,1,2,4,2,4,100,0
PET,2,4,3,0,4,100,1,2,4,2,4,100,0
PET,2,4,3,0,4,100,1,2,4,2,4,100,0
PET,2,4,3,0,4,100,1,2,4,2,4,100,0
PET,2,4,3,0,4,100,1,2,4,2,4,100,0
PET,2,4,3,0,4,100,1,2,4,2,4,100,0
PET,2,4,3,0,4,100,1,2,4,2,4,100,0
PET,2,4,3,0,4,100,1,2,4,2,4,100,0
PET,2,4,3,0,4,100,1,2,4,2,4,100,0
PET,2,4,3,0,4,100,1,2,4,2,4,100,0
PET,2,4,3,0,4,100,1,2,4,2,4,100,0
PET,2,4,3,0,4,100,1,2,4,2,4,100,0
PET,2,4,3,0,4,100,1,2,4,2,4,100,0
PET,2,4,3,0,4,100,1,2,4,2,4,100,0
PET,2,4,3,0,4,100,1,2,4,2,4,100,0
PET,2,4,3,0,4,100,1,2,4,2,4,100,0
PET,2,4,3,0,4,100,1,2,4,2,4,100,0
PET,2,4,3,0,4,100,1,2,4,2,4,100,0
PET,2,4,3,0,4,100,1,2,4,2,4,100,0
PET,2,4,3,0,4,100,1,2,4,2,4,100,0
PET,2,4,3,0,4,100,1,2,4,2,4,100,0
PET,2,4,3,0,4,100,1,2,4,2,4,100,0
PET,2,4,3,0,4,100,1,2,4,2,4,100,0
PET,2,4,3,0,4,100,1,2,4,2,4,100,0
PET,2,4,3,0,4,100,1,2,4,2,4,100,0
PET,2,4,3,0,4,100,1,2,4,2,4,100,0
PET,2,4,3,0,4,100,1,2,4,2,4,100,0
PET,2,4,3,0,4,100,1,2,4,2,4,100,0
PET,2,4,3,0,4,100,1,2,4,2,4,100,0
PET,2,4,3,0,4,100,1,2,4,2,4,100,0
PET,2,4,3,0,4,100,1,2,4,2,4,100,0
PET,2,4,3,0,4,100,1,2,4,2,4,100,0
PET,2,4,3,0,4,100,1,2,4,2,4,100,0
PET,2,4,3,0,4,100,1,2,4,2,4,100,0
PET,2,4,3,0,4,100,1,2,4,2,4,100,0
PET,2,4,3,0,4,100,1,2,4,2,4,100,0
PET,2,4,3,0,4,100,1,2,4,2,4,100,0
PET,2,4,3,0,4,100,1,2,4,2,4,100,0
PET,2,4,3,0,4,100,1,2,4,2,4,100,0
PET,2,4,3,0,4,100,1,2,4,2,4,100,0
PET,2,4,3,0,4,100,1,2,4,2,4,100,0
PET,2,4,3,0,4,100,1,2,4,2,4,100,0
PET,2,4,3,0,4,100,1,2,4,2,4,100,0
PET,2,4,3,0,4,100,1,2,4,2,4,100,0
PET,2,4,3,0,4,100,1,2,4,2,4,100,0
PET,2,4,3,0,4,100,1,2,4,2,4,100,0
PET,2,4,3,0,4,100,1,2,4,2,4,100,0
PET,2,4,3,0,4,100,1,2,4,2,4,100,0
PET,2,4,3,0,4,100,1,2,4,2,4,100,0
PET,2,4,3,0,4,100,1,2,4,2,4,100,0
PET,2,4,3,0,4,100,1,2,4,2,4,100,0
PET,2,4,3,0,4,100,1,2,4,2,4,100,0
PET,2,4,3,0,4,100,1,2,4,2,4,100,0
PET,2,4,3,0,4,100,1,2,4,2,4,100,0
PET,2,4,3,0,4,100,1,2,4,2,4,100,0
PET,2,4,3,0,4,100,1,2,4,2,4,100,0
PET,2,4,3,0,4,100,1,2,4,2,4,100,0
PET,2,4,3,0,4,100,1,2,4,2,4,100,0
PET,2,4,3,0,4,100,1,2,4,2,4,100,0
